index,published,topic,term,domain,language,valid,de,title,description,en,la,url,image,archive,content,quote,added,feed,country,ipcc,continent
cf5ac3e224e6bc81ed5defd6477586f1,2026-07-02T11:10:00Z,Earthquake,σεισμός,www.protothema.gr,el,0.7,"Das Richterbeben der Stärke 5,2 auf Karpathos war auch auf dem Dodekanes zu spüren. Wo liegt das Epizentrum des Erdbebens? Erdbeben | Karpathos | Griechenland","Σεισμός 5,2 Ρίχτερ στην Κάρπαθο, έγινε αισθητός στα Δωδεκάνησα",Πού εντοπίζεται το επίκεντρο της σεισμικής δόνησης | Σεισμός | Κάρπαθος | Ελλάδα,"5.2 Richter earthquake in Karpathos, was felt in the Dodecanese. Where is the epicenter of the earthquake? Earthquake | Karpathos | Greece",5.2 Richter terrae motus in Karpatho in Dodecanesi sentitur. Ubi est epicor terrae motus? Terrae motus | Karpathos | Graecia,https://www.protothema.gr/greece/article/1844530/seismos-tora-stin-karpatho/,https://www.protothema.gr/images/640x360share/jpg/files/2026-07-02/seismos-karpathos-mkt.jpg,,"5,2 14:00 .,  11   5,2  13 .
, , .
, .",,2026-07-03 14:59:04+00:00,random,,,
d1ae57e8fef9a77e8f6949734d824ded,2026-07-02T14:36:20Z,Earthquake,σεισμός ελλάδα,www.protothema.gr,el,0.7,"Durch das Richterbeben der Stärke 5,2 auf Karpathos wurden keine Schäden gemeldet, die Feuerwehr ist in erhöhter Alarmbereitschaft. Unmittelbar nach dem Erdbeben wurden Katastrophenschutzkräfte mobilisiert, deren Personal über das gesamte Inselgebiet verteilt war, um Kontrollen durchzuführen | Erdbeben | Erdbeben jetzt | Karpathos | Griechenland","Δεν έχουν αναφερθεί ζημιές από τον σεισμό 5,2 Ρίχτερ στην Κάρπαθο, σε αυξημένη ετοιμότητα η πυροσβεστική","Aμέσως μετά τη δόνηση, κινητοποιήθηκαν οι δυνάμεις Πολιτικής Προστασίας, με διασπορά προσωπικού στην ευρύτερη νησιωτική περιοχή, προκειμένου να πραγματοποιηθούν έλεγχοι | Σεισμός | Σεισμός τώρα | Κάρπαθος | Ελλάδα","No damage has been reported from the 5.2 Richter earthquake in Karpathos, the fire department is on increased alert. Immediately after the earthquake, Civil Protection forces were mobilized, with personnel dispersed throughout the wider island area, in order to carry out checks | Earthquake | Earthquake now | Karpathos | Greece","Nullum detrimentum relatum est ex 5.2 Richter terrae motu in Karpathos, Dicasteria incendia in intenti aucta esse. Statim post terraemotu, Civilis Praesidium copiae convenerunt, cum curatores per latiorem insulam regionem dispersi, ad explendum compescendos | Terrae motus | Terrae motus nunc | Karpathos | Graecia",https://www.protothema.gr/greece/article/1844641/den-ehoun-anaferthei-zimies-apo-ton-seismo-52-rihter-stin-karpatho-se-auximeni-etoimotita-i-purosvestiki/,https://www.protothema.gr/images/640x360share/jpg/files/2026-07-02/seismos-karpathos.jpg,,"To view this video please enable JavaScript, and consider upgrading to a
 web browser that supports HTML5 video",,2026-07-03 14:59:04+00:00,usgs,Greece,MED,Europe
8bdb2e4dd1bad5d969de0b1d64e82f73,2026-07-01T12:17:43Z,Earthquake,σεισμός,www.newsit.gr,el,0.9,"Erdbeben in Kythira mit Stärke 4,4 auf der Richterskala. Am Mittwoch, dem 1. Juli 2026, ereignete sich in Kythira ein Erdbeben der Stärke 4,4. Nach der automatischen Lösung des Geodynamischen Instituts ereignete sich das Erdbeben um 15:03 Uhr ... 
Der Artikel Erdbeben in Kythira mit einer Stärke von 4,4 wurde in NewsIT veröffentlicht.","Σεισμός στα Κύθηρα μεγέθους 4,4 Ρίχτερ","Σεισμός μεγέθους 4,4 Ρίχτερ σημειώθηκε την Τετάρτη 1 Ιουλίου 2026 στα Κύθηρα. Σύμφωνα με την αυτόματη λύση του Γεωδυναμικού Ινστιτούτου, ο σεισμός σημειώθηκε στις 15:03 ... 
To άρθρο Σεισμός στα Κύθηρα μεγέθους 4,4 Ρίχτερ δημοσιεύτηκε στο NewsIT .","Earthquake in Kythira measuring 4.4 on the Richter scale. A magnitude 4.4 earthquake occurred on Wednesday, July 1, 2026 in Kythira. According to the Geodynamic Institute's automatic solution, the earthquake occurred at 15:03 ... 
The article Earthquake in Kythira with a magnitude of 4.4 was published in NewsIT.","Terrae motus in Kythira mensurae 4.4 in libra Richter. Magnitudo 4.4 terrae motus die Mercurii, mensis Iulii, anno 2026 in Kythira occurrit. Secundum solutionem automaticae Instituti Geodynamicae, motus factus est ante 15:03... 
Articulus Terrae motus in Kythira cum magnitudine 4.4 in NewsIT editus est.",https://www.newsit.gr/ellada/seismos-sta-kythira-megethous-4-4-rixter/4717509/,https://www.newsit.gr/wp-content/uploads/2026/07/seismos-4-4-richter-kythiron-2026-07-01-15-03-1200x630.jpg,,"15:17
1 2026
15:01 
 01.07.26
14:44 
 01.07.26
13:54 
 01.07.26",,2026-07-03 18:03:26+00:00,random,,,
45596dc36c21ffbc6683f81ff29db283,2026-07-04T15:48:12Z,Heat Wave,κύμα καύσωνα Γαλλία,www.newsit.gr,el,0.8,"Hitzewelle und Profitgier in Frankreich: Sie haben darauf gesetzt, Klimaanlagen für 179 Euro zu kaufen und sie für bis zu 700 Euro zu verkaufen. Die Hitzewelle, die Frankreich heimsucht, hat zu einer enormen Nachfrage nach Klimaanlagen geführt, weshalb viele versuchen, schnell Gewinn zu machen. Gekaufte Geräte ... 
Der Artikel Hitzewelle und Profitgier in Frankreich: Sie spielten mit Holz, um...",Κύμα καύσωνα και αισχροκέρδειας στη Γαλλία: Έπαιξαν ξύλο για να αγοράσουν κλιματιστικά 179 ευρώ και τα πουλούν έως και 700,"Το κύμα καύσωνα που πλήττει τη Γαλλία έχει δημιουργήσει τεράστια ζήτηση για κλιματιστικά, με αποτέλεσμα αρκετοί να προσπαθούν να βγάλουν γρήγορο κέρδος. Συσκευές που αγοράστηκαν ... 
To άρθρο Κύμα καύσωνα και αισχροκέρδειας στη Γαλλία: Έπαιξαν ξύλο για να αγο…","Heat wave and profiteering in France: They gambled to buy air conditioners for 179 euros and sell them for up to 700. The heat wave that is hitting France has created a huge demand for air conditioners, as a result of which many are trying to make a quick profit. Devices purchased ... 
The article Heat wave and profiteering in France: They played wood to get...","Calor fluctus et lucrum in Gallia: lusi sunt aeris conditioners 179 numismata emere et eas vendere usque ad 700. Calor fluctus, qui Franciam ferendi sunt, magnam aeris conditionem postulant, ex quo multi quaestum celerem efficere conantur. Cogitationes acquisitae... 
Articulus Fluctus Caloris et quaestus in Gallia: Luserunt ligna ad acquirendum.",https://www.newsit.gr/kosmos/kyma-kaysona-kai-aisxrokerdeias-sti-gallia-epaiksan-ksylo-gia-na-agorasoun-klimatistika-179-eyro-kai-ta-pouloun-eos-kai-700/4720326/,https://www.newsit.gr/wp-content/uploads/2026/07/gallia-kausonas-1-1200x630.jpg,,", . Lidl 179 700 .
 . , .
2 , Lidl 200.000 . 179 , 249 , .
Bagarres, portes forcées, intervention de la police… L’annonce de la vente de 200.000 climatiseurs et ventilateurs par Lidl vire au chaos… [+1157 chars]",,2026-07-06 05:00:45+00:00,wmo,France,WCE,Europe
ac382866da75cd3d7d19340730b83119,2026-07-04T16:05:14Z,Heat Wave,κύμα καύσωνα Γαλλία,dialogos.com.cy,el,0.8,"Extreme Hitze „fegt“ über Europa – Tausende weitere Todesfälle und Waldbrände. Mehrere europäische Länder sind in höchster Alarmbereitschaft, da die starke Hitzewelle, die den Kontinent heimsucht, schwerwiegende Auswirkungen auf die öffentliche Gesundheit hat, große Waldbrände auslöst und die Infrastruktur stark belastet. In Frankreich…",Ακραίος καύσωνας «σαρώνει» την Ευρώπη – Χιλιάδες επιπλέον θάνατοι και ανεξέλεγκτες πυρκαγιές,"Σε κατάσταση αυξημένης επιφυλακής βρίσκονται αρκετές ευρωπαϊκές χώρες, καθώς το έντονο κύμα καύσωνα που πλήττει την ήπειρο προκαλεί σοβαρές επιπτώσεις στη δημόσια υγεία, τροφοδοτεί μεγάλες δασικές πυρκαγιές και ασκεί έντονες πιέσεις στις υποδομές. Στη Γαλλία,…","Extreme heat “sweeps” Europe – Thousands more deaths and wildfires. Several European countries are on high alert as the intense heat wave hitting the continent is causing serious public health impacts, fueling large forest fires and putting severe pressure on infrastructure. In France,…","Extremus calor Europam verrit - Milia plura mortes et ignes ferum. Aliquot Europaeae nationes in altum erecti sunt sicut aestus intensus undam continentem ferendi causa gravis impulsus sanitatis publicae causat, incendia silvestria magna fovet et gravem pressionem infrastructuram immittit. In Gallia,…",https://dialogos.com.cy/akraios-kaysonas-saronei-tin-eyropi-chiliades-epipleon-thanatoi-kai-anexelegktes-pyrkagies/,https://dialogos.com.cy/wp-content/uploads/2026/07/khdskhdas1.jpg,,"© Dialogos Media Group - , , , / , , , , ( ) , , , , , .",,2026-07-06 05:00:45+00:00,wmo,France,WCE,Europe
ce58474221d364d5aa812194034fd0ed,2026-07-05T09:14:15Z,Earthquake,σεισμός κάρπαθος,www.protothema.gr,el,0.7,"Karpathos: Drei schwache Erdbeben innerhalb einer Stunde. Es wird geschätzt, dass die drei Erschütterungen Teil der postseismischen Sequenz des Erdbebens der Stärke 5,2 Richter vom 2. Juli sind Karpathos | Erdbeben | Erdbeben | Griechenland",Κάρπαθος: Τρεις ασθενείς σεισμικές δονήσεις μέσα σε μία ώρα,"Oι τρεις δονήσεις εκτιμάται ότι εντάσσονται στη μετασεισμική ακολουθία του σεισμού των 5,2 Ρίχτερ της 2ας Ιουλίου | Κάρπαθος | Σεισμός | Σεισμοί | Ελλάδα",Karpathos: Three weak earthquakes within one hour. The three tremors are estimated to be part of the post-seismic sequence of the 5.2 Richter earthquake of July 2 | Karpathos | Earthquake | Earthquakes | Greece,Karpathos: Tres motus debiles intra unam horam. Tres tremores aestimantur partem sequentium post-seismicam esse 5.2 Richter terrae motus Iulii 2 | Karpathos | Terrae motus | Terrae motus | Graecia,https://www.protothema.gr/greece/article/1845860/karpathos-treis-astheneis-seismikes-doniseis-mesa-se-mia-ora/,https://www.protothema.gr/images/640x360share/jpg/files/2025-09-27/seismografos-eurokinissi-mak.jpg,,"To view this video please enable JavaScript, and consider upgrading to a
 web browser that supports HTML5 video",,2026-07-06 12:28:54+00:00,usgs,Greece,MED,Europe
c2be7eb3435570465ffceffeba1f54b8,2026-07-04T09:08:34Z,Heat Wave,κύμα καύσωνα στην Ελλάδα,www.newsit.gr,el,0.8,"Hitzewelle in Griechenland: Hohes Risiko extrem hoher Temperaturen – Die 7 am stärksten betroffenen Regionen. Wissenschaftler warnen vor einem hohen Risiko extrem hoher Temperaturen auch in Griechenland aufgrund der beispiellosen Hitzewelle, die Mitteleuropa erfasst. Sie weisen sogar darauf hin, ... 
Der Artikel Hitzewelle in Griechenland: Hohes Risiko für extrem hohe Temperaturen...",Καύσωνας στην Ελλάδα: Υψηλός κίνδυνος για ακραία υψηλές θερμοκρασίες – Οι 7 περιοχές που πλήττονται περισσότερο,"Για υψηλό κίνδυνο ακραία υψηλών θερμοκρασιών και στην Ελλάδα προειδοποιούν οι επιστήμονες με αφορμή το πρωτοφανές κύμα καύσωνα που σαρώνει την κεντρική Ευρώπη. Επισημαίνουν μάλιστα, ... 
To άρθρο Καύσωνας στην Ελλάδα: Υψηλός κίνδυνος για ακραία υψηλές θερμοκρ…","Heatwave in Greece: High risk of extreme high temperatures – The 7 regions most affected. Scientists are warning of a high risk of extremely high temperatures in Greece as well due to the unprecedented heat wave that is sweeping central Europe. They even point out, ... 
The article Heatwave in Greece: High risk for extreme high temperatures...","Heatwave in Graecia: Maximum periculum summae temperaturae – 7 regiones maxime affectae sunt. Docti monent de magno periculo calidissimarum temperaturarum tam in Graecia quam ob singularem aestum fluctum, qui Europam centralem verrit. Etiam demonstrant,... 
Articulus Heatwave in Graecia: Maximum periculum est summae caliditatis...",https://www.newsit.gr/ellada/kaysonas-stin-ellada-ypsilos-kindynos-gia-akraia-ypsiles-thermokrasies-oi-7-perioxes-pou-plittontai-perissotero/4720084/,https://www.newsit.gr/wp-content/uploads/2026/07/kafswnas-eurok-1200x630.jpg,,". ,   , , , , , , .
« , , », , , - .
 , , .
 / /EUROKINISSI
, « Copernicus ( ) WMO ( ) , 1980, ».
 « », « , , ». , , « , ».
 , :
« , . , , , “ ”.
 REUTERS / Tom Nicholson
, “” , . , , , , , … [+383 chars]",,2026-07-06 16:06:46+00:00,wmo,Greece,MED,Europe
62020c76f194bbffabf8bcc973ef4704,2026-07-01T10:27:25Z,Volcano,ηφαίστειο,www.protothema.gr,el,0.7,"Beeindruckende Bilder der Lavaströme nach dem erneuten Ausbruch des Ätna. Der Ausbruch am vergangenen Freitag führte zur Entstehung eines dichten Lavastroms, der bereits mindestens 300 Meter unter die Stelle gesunken ist, an der sich der Spalt öffnete | Ätna | Vulkan | Welt",Εντυπωσιακές εικόνες από τα ποτάμια λάβας μετά τη νέα έκρηξη της Αίτνας,"Η έκρηξη που σημειώθηκε την περασμένη Παρασκευή προκάλεσε τη δημιουργία μιας πυκνής ροής λάβας, η οποία έχει ήδη κατέβει τουλάχιστον 300 μέτρα χαμηλότερα από το σημείο όπου άνοιξε το ρήγμα | Αίτνα | Ηφαίστειο | Κόσμος","Impressive images of the rivers of lava after the new eruption of Etna. The eruption that occurred last Friday caused the creation of a dense lava flow, which has already descended at least 300 meters below the point where the fissure opened | Etna | Volcano | World","Imagines impressivae fluviorum lavae post novam Aetnae eruptionem. eruptio quae proxima Veneris facta est creationem lavae densae effecit, quae iam saltem 300 metris infra punctum descendit ubi fissura aperta est | Etna | Volcano | Mundus",https://www.protothema.gr/world/article/1843895/eduposiakes-eikones-apo-ta-potamia-lavas-meta-ti-nea-ekrixi-tis-aitnas/,https://www.protothema.gr/images/640x360share/jpg/files/2026-07-01/etna-hfaisteio-_1_.jpg,,", 300 .Lava from Mount Etna in Sicily lit up the sky with red flashes as eruptions continued at an altitude of 9,800 feet, Italy's National Institute of Geophysics and Volcanology reported pic.twitte… [+49 chars]",,2026-07-07 04:39:19+00:00,random,,,
a7431e19ecf04d3bd1059e5164de4397,2026-07-07T06:22:21Z,Heat Wave,κύμα καύσωνα στην Ελλάδα,www.protothema.gr,el,0.8,"Westeuropa „kocht“, 39er kommen auch nach Griechenland, die prognostizierte Tsatraphyllia im Protothema. Westeuropa wird von einer neuen Welle extremer Hitze „gebacken“, während in Griechenland die Temperatur allmählich auf 38-39°C ansteigen wird, allerdings ohne Hitzebedingungen aufgrund starker Nordwinde | Wetter | Giorgos Tsatrafillias | Hitze | Griechenland","«Βράζει» η δυτική Ευρώπη, έρχονται 39άρια και στην Ελλάδα, η πρόγνωση Τσατραφύλλια στο protothema","Η δυτική Ευρώπη «ψήνεται» από νέο κύμα ακραίας ζέστης, ενώ στην Ελλάδα η θερμοκρασία θα ανέβει σταδιακά έως τους 38-39°C, χωρίς όμως συνθήκες καύσωνα λόγω των ισχυρών βοριάδων | Καιρός | Γιώργος Τσατραφύλλιας | Καύσωνας | Ελλάδα","Western Europe is ""boiling"", 39s are coming to Greece as well, the forecast Tsatraphyllia in the protothema. Western Europe is being ""baked"" by a new wave of extreme heat, while in Greece the temperature will gradually rise to 38-39°C, but without heat conditions due to strong north winds | Weather | Giorgos Tsatrafillias | Heat | Greece","Europa occidentalis ""ardor"" est, 39s etiam in Graeciam veniunt, praesagio Tsatraphyllia in protothemate. Europa occidentali ""coquitur"" nova unda caloris maximi, cum in Graecia temperatura paulatim ad 38-39°C ascendet, sed sine calore conditionibus vehementibus ventis aquilonibus | Tempestas | Giorgos Tsatrafillias | Calor | Graecia",https://www.protothema.gr/greece/article/1846673/vrazei-i-dutiki-europi-erhodai-39aria-kai-stin-ellada-i-prognosi-tsatrafullia-sto-protothema/,https://www.protothema.gr/images/640x360share/jpg/files/2026-07-07/kairos-mak.jpg,,"To view this video please enable JavaScript, and consider upgrading to a
 web browser that supports HTML5 video",,2026-07-08 07:16:53+00:00,wmo,Greece,MED,Europe
3a2b20ed807f52ea3747ce6078339a03,2026-07-02T11:26:03Z,Heat Wave,κύμα καύσωνα,dialogos.com.cy,el,0.9,"Frankreich: Panik um eine Klimaanlage – Holz in Supermärkten angesichts einer neuen Hitzewelle (VIDEO). Prognostiker schlagen Alarm, dass seit dem Wochenende eine dritte Hitzewelle nach Frankreich kommt und bis in die nächste Woche andauern wird, da die Bürger nach einer Klimaanlage „greifen“, wie Videos zeigen, die von der...",Γαλλία: Πανικός για ένα κλιματιστικό – Ξύλο στα σούπερ μάρκετ ενόψει νέου καύσωνα (ΒΙΝΤΕΟ),"Καμπανάκι ότι έρχεται ένα τρίτο κύμα καύσωνα στη Γαλλία από το Σαββατοκύριακο και το οποίο θα συνεχιστεί και την επόμενη εβδομάδα κρούουν οι μετεωρολόγοι την ώρα που οι πολίτες «πιάνονται στα χέρια» για ένα κλιματιστικό, όπως δείχνουν τα βίντεο που βλέπουν το…","France: Panic for an air conditioner - Wood in supermarkets in view of a new heatwave (VIDEO). Forecasters are sounding the alarm that a third heat wave is coming to France since the weekend and will continue into next week as citizens ""grab"" for an air conditioner, as shown by videos seen by the...","Gallia: Terror pro conditione aeris - Wood in supermarkets intuitu novae heatwave (VIDEO). Vates terrorem sonant quod unda tertia caloris in Galliam venit ex volutpat vestibulum et in altera septimana cives ""capto"" pro conditione aeri perseveret, sicut per videos visum a ...",https://dialogos.com.cy/gallia-panikos-gia-ena-klimatistiko-xylo-sta-soyper-market-enopsei-neoy-kaysona-vinteo/,https://dialogos.com.cy/wp-content/uploads/2026/07/image-14.png,,"© Dialogos Media Group - , , , / , , , , ( ) , , , , , .",,2026-07-09 22:09:13+00:00,random,,,
04c11073dcadc15a5ecd67bad7914365,2026-07-06T09:20:00Z,Wildfire,πυρκαγιά,dialogos.com.cy,el,0.9,"Südeuropa brennt – Brände werden weiterhin in Frankreich bekämpft, Besserung in Spanien und Portugal. In Südfrankreich wütet noch immer ein großer Waldbrand, der der Tour de France Probleme bereitet, während zwei weitere in Spanien und Portugal teilweise unter Kontrolle sind. In Südeuropa hat die Saison der Brände begonnen, während ...","Φλέγεται η νότια Ευρώπη – Συνεχίζεται η μάχη με τις φλόγες στη Γαλλία, βελτίωση σε Ισπανία και Πορτογαλία","Μεγάλη δασική πυρκαγιά εξακολουθεί να μαίνεται στη νότια Γαλλία προκαλώντας προβλήματα στον ποδηλατικό Γύρο της Γαλλίας, ενώ δύο άλλες στην Ισπανία και την Πορτογαλία βρίσκονται υπό μερικό έλεγχο. Η εποχή των πυρκαγιών έχει ξεκινήσει στη νότια Ευρώπη, ενώ ανα…","Southern Europe on fire – Fires continue to be fought in France, improvement in Spain and Portugal. A large forest fire is still raging in southern France causing problems for the Tour de France, while two others in Spain and Portugal are partially under control. The season of fires has begun in southern Europe, while re...","In Europa australi igni – Incendia pugnanda pergunt in Gallia, emendatio in Hispania et Portugallia. Ingens ignis silvaticus adhuc in Gallia meridionali furit quaestiones causando in Tour de France, cum duo alii in Hispania et Portugallia partim in dicione sunt. Tempus ignium in Europa australi incohavit, dum re...",https://dialogos.com.cy/flegetai-i-notia-eyropi-synechizetai-i-machi-me-tis-floges-sti-gallia-veltiosi-se-ispania-kai-portogalia/,https://dialogos.com.cy/wp-content/uploads/2026/07/image-55.png,,"© Dialogos Media Group - , , , / , , , , ( ) , , , , , .",,2026-07-09 22:09:13+00:00,random,,,
95a24a4111201b9a9dc07900178b40ff,2026-07-08T17:34:01Z,Heat Wave,κύμα καύσωνα,www.newsit.gr,el,0.9,"Hitzewelle in Frankreich: Neue Rekordtemperaturen, 78.000 Hektar Land sind zu Asche geworden und. Eine dritte Hitzewelle trifft Frankreich, weniger als zwei Monate nach der extrem frühen Hitzewelle Ende Mai, die darauf folgte... 
Der Artikel Hitze in Frankreich: Neue Rekorde bei hohen Temperaturen, 78.000 Hektar Land sind zu Asche geworden und...","Καύσωνας στη Γαλλία: Νέα ρεκόρ υψηλών θερμοκρασιών, 78.000 στρέμματα γης έχουν γίνει στάχτη και","Ένα τρίτο κύμα καύσωνα χτυπά της Γαλλία, κατά σειρά σε λιγότερο από δύο μήνες έπειτα από εκείνο, εξαιρετικά πρώιμο, στα τέλη Μαΐου, το οποίο ακολούθησε ... 
To άρθρο Καύσωνας στη Γαλλία: Νέα ρεκόρ υψηλών θερμοκρασιών, 78.000 στρέμματα γης έχουν γίνει στάχτη κ…","Heatwave in France: New record high temperatures, 78,000 hectares of land have turned to ash and. A third heat wave is hitting France, less than two months after the extremely early one at the end of May, which followed... 
The article Heat in France: New records of high temperatures, 78,000 hectares of land have turned to ash and...","Heatwave in Gallia: Novae tabulae altae temperaturae, 78,000 hectares terrae in cinerem versae sunt. Tertius aestus undam Franciam ferit, minus duobus mensibus post unum primis primis in fine mensis Maii, qui sequebatur... 
Articulus Caloris in Gallia: Novae tabulae caliditatum, 78,000 hectares terrae in cinerem versae sunt et...",https://www.newsit.gr/kosmos/kaysonas-sti-gallia-nea-rekor-ypsilon-thermokrasion-78-000-stremmata-gis-exoun-ginei-staxti/4723711/,https://www.newsit.gr/wp-content/uploads/2026/07/paris-reuters-1200x630.jpg,,", , , , . , 53 1947 2010.
 (08.07.2026) , , , .
 -- / REUTERS
. 78.000 , 44.000 2025, (Effis), (AFP).
 . , 22 , , .
 , 67 , , Météo-France, « » « ».
 , 38 41 , . (40,7 ) (40,7 ).
 / REUTERS
,… [+43 chars]",,2026-07-09 22:09:13+00:00,random,,,
fcbb607bb3900c47055d841a613b993d,2026-07-08T04:08:21Z,Thunderstorm,καταιγίδα,dialogos.com.cy,el,0.9,"Eine weitere gelbe Warnung vor schweren Stürmen und Hagel – Detaillierte Vorhersage. Das Met Office hat von 11:00 Uhr bis 18:00 Uhr eine gelbe Warnung herausgegeben. Es wird erwartet, dass vereinzelte starke Gewitter Gebirgs- und Binnengebiete beeinträchtigen. Bei einem Sturm kann es zu Hagel kommen. Es wird erwartet, dass die Intensität des Regens örtlich …",Ακόμη μία κίτρινη προειδοποίηση για ισχυρές καταιγίδες και χαλάζι -Αναλυτικά η πρόγνωση,Κίτρινη προειδοποίηση εξέδωσε η Μετεωρολογική υπηρεσία από τις 11 μέχρι τις 1800. Μεμονωμένες ισχυρές καταιγίδες αναμένεται να επηρεάσουν περιοχές στα ορεινά και το εσωτερικό. Σε καταιγίδα είναι πιθανό να πέσει χαλάζι. Η ένταση της βροχής αναμένεται τοπικά να…,Another yellow warning for severe storms and hail - Detailed forecast. A yellow warning has been issued by the Met Office from 11am until 1800. Isolated strong thunderstorms are expected to affect mountainous and inland areas. Hail is likely to fall in a storm. The intensity of the rain is locally expected to…,Aliud flavum monitum propter graves procellas et grandinem - Detailed forecast. Monitum flavum a Met Office ab 11am usque ad 1800 edita est. Tonitruum validorum separatim expectatur ut areas montuosas et mediterraneas afficiat. Grando in tempestate casura verisimile est. Intensio pluviae localiter expectatur ut…,https://dialogos.com.cy/akomi-mia-kitrini-proeidopoiisi-gia-ischyres-kataigides-kai-chalazi-analytika-i-prognosi/,https://dialogos.com.cy/wp-content/uploads/2026/02/b_kairos-vroxes21.jpg,,"11 1800. 
 . . 35 .
 36 , 32 26 .
 : 
 .
, , , , .
 . , , 3 4 , 4 5 . . 36 , 30 , 32 24 .
 , , . , , . , 3 . , . 23 17 .
 , , , , , .
 .
 , . .",,2026-07-10 04:41:04+00:00,random,,,
ce2de8d505242ed5a2b3d0c4561b0ab4,2026-07-09T04:18:48Z,Thunderstorm,χαλάζι,dialogos.com.cy,el,0.9,"Wetter: Heute Gewitter, Regen und Hagel. In der Region herrscht saisonaler Tiefdruck, während die Insel bis morgen weiterhin von instabilen Wetterbedingungen betroffen ist. Heute, nach der Auflösung der lokalen niedrigen Wolken und des dünnen Nebels, wird das Wetter in den meisten Gebieten der Insel ...","Καιρός: Καταιγίδες, βροχές και χαλάζι σήμερα","Εποχική χαμηλή πίεση επικρατεί στην περιοχή, ενώ ασταθείς καιρικές συνθήκες συνεχίζουν να επηρεάζουν το νησί μέχρι και αύριο. Σήμερα, μετά τη διάλυση της τοπικής χαμηλής νέφωσης και της αραιής ομίχλης, ο καιρός στις πλείστες περιοχές του νησιού θα καταστεί κυ…","Weather: Thunderstorms, rain and hail today. Seasonal low pressure prevails in the area, while unstable weather conditions continue to affect the island until tomorrow. Today, after the dissolution of the local low clouds and thin fog, the weather in most areas of the island will become...","Tempestas: Procellae, pluviae et grando hodie. Pressio temporis humilis in area praevalet, dum condiciones tempestatum instabiles usque ad crastinum insulam afficere pergunt. Hodie, dissolutione locorum obscurorum ac nebularum tenuium, tempestas in pluribus locis insulae fiet...",https://dialogos.com.cy/kairos-kataigides-vroches-kai-chalazi-simera/,https://dialogos.com.cy/wp-content/uploads/2025/12/kairos-vroxi-vroxes-1.webp,,", .
, , . , , . . , , 3 4 , 4 5 . . 36 , 30 , 33 24 .
 , , . , , . , 3 . , . 22 , 23 17 .
 , , , , , .
 .
 , . .",,2026-07-10 04:41:04+00:00,random,,,
76588a4294b52b2d61a559d85bb98b1f,2026-07-10T09:32:14Z,Tropical Cyclone,τυφώνας Φιλιππίνες,www.skai.gr,el,0.7,"Taifun Bavi: 15 Tote auf den Philippinen, Evakuierungen und geschlossene Schulen in Taiwan. „Sie sagen, er wird wild sein, das ist natürlich beängstigend, nicht wahr?“ Chang Shih-huo, ein Lebensmittelladenbesitzer in Keelung, sagte gegenüber AFP","Τυφώνας Μπάβι: 15 νεκροί στις Φιλιππίνες, εκκενώσεις περιοχών και κλειστά σχολεία στην Ταϊβάν","«Λένε ότι θα είναι σφοδρός, φυσικά είναι τρομακτικό, δεν είναι;» δήλωσε στο Γαλλικό Πρακτορείο η Τσάνγκ Σιχ-χούο, ιδιοκτήτρια μπακάλικου στο Κεελούνγκ","Typhoon Bavi: 15 dead in the Philippines, evacuations and closed schools in Taiwan. ""They say he'll be fierce, of course it's scary, isn't it?"" Chang Shih-huo, a grocery store owner in Keelung, told AFP","Typhoon Bavi: 15 mortuus in Philippinis, evacuationes et scholas clausas in Taiwan. ""Ajunt eum acerbum esse, sane est FORMIDULOSUS, annon?"" Chang Shih-huo, macelli possessoris in Keelung, dixit AFP",https://www.skai.gr/news/world/filippines-tyfonas-mpavi-15-nekroi-ekkenoseis-perioxon-kleista-sxoleia-stin-taivan,https://cdn.skai.gr/sites/default/files/styles/article_16_9/public/2026-07/ap20239073946530.jpg?itok=GGR2lNd7,,"1.000 , .
, , , , .
 , , , , 15 . , , . , .
 , , , .
« , , ;» -, 76 , .
« , . , ».
 , . 198 /, (CWA).
 380 , 1995, , CWA.
 1.000 , , 29.000 .
« , », - Facebook.
 , , . , , .
 , , , . 162 /… [+90 chars]",,2026-07-11 14:12:44+00:00,wmo,Philippines,SEA,Asia
be0a2adc3be1be769e9f6b7e42aeec90,2026-07-07T11:49:54Z,Heat Wave,κύμα καύσωνα,www.naftemporiki.gr,el,0.8,"WHO warnt vor „tödlichen Hitzewochen“ – in Spanien und Portugal werden erneut 40-Grad-Hitzetemperaturen erwartet. Die Weltgesundheitsorganisation (WHO) hat davor gewarnt, dass Europa „weitere mörderische Wochen“ mit Hitzewellen erleben könnten, wobei sich über dem Atlantik eine weitere heftige Welle bilden könnte.
Drinnen…
WHO warnt vor „tödlichen Hitzewochen“",Ο ΠΟΥ προειδοποιεί για «φονικές εβδομάδες καύσωνα» – Αναμένονται ξανά 40άρια σε Ισπανία και Πορτογαλία,"Ο Παγκόσμιος Οργανισμός Υγείας (ΠΟΥ) προειδοποίησε  ότι η Ευρώπη πιθανόν να βρεθεί αντιμέτωπη με «περισσότερες φονικές εβδομάδες» καύσωνα, με ένα ακόμη έντονο κύμα να σχηματίζεται πάνω από τον Ατλαντικό.
Μέσα…
Ο ΠΟΥ προειδοποιεί για «φονικές εβδομάδες καύσωνα…","WHO warns of 'deadly weeks of heat' - 40s expected again in Spain and Portugal. The World Health Organization (WHO) has warned that Europe could face ""more killer weeks"" of heatwaves, with another intense wave forming over the Atlantic.
Inside…
WHO warns of 'deadly heat weeks...","QUI monet de 'hebdomadibus mortiferis caloris' - 40s iterum in Hispania et Portugallia expectata. Mundus Salus Organizatio (WHO) monuit Europam ""hebdomades occisorum"" plus undarum aestuum cum alia vehementi fluctu trans Atlanticum formante posse occurrere.
Intus…
QUI monet de hebdomadibus mortiferis aestus...",https://www.naftemporiki.gr/green/climate/2134402/o-poy-proeidopoiei-gia-fonikes-evdomades-kaysona-anamenontai-xana-40aria-se-ispania-kai-portogalia/,https://www.naftemporiki.gr/wp-content/uploads/2026/06/spain-1.jpg,,"()   « » , .
 43 .
 , , 41 , .
 .
, .
 20 28 , .
 .
 , 3.700 .
 40 .
« : , , ’ », .",,2026-07-12 21:34:18+00:00,random,,,
c1ccfedbea87fd02ab29f5f3ced07897,2026-07-04T15:54:00Z,Heat Wave,κύμα καύσωνα Πορτογαλία,www.protothema.gr,el,0.9,Großbrand im Norden Portugals: Mehr als tausend Feuerwehrleute an vorderster Front verbrennen 100.000 Hektar. Nach einer schweren Hitzewelle stehen dem Land die ersten großen Waldbrände des Sommers bevor | Portugal | Feuer | Hitze | Welt,"Μεγάλη φωτιά στη βόρεια Πορτογαλία: Πάνω από χίλιοι πυροσβέστες στα μέτωπα, στάχτη 100.000 στρέμματα","Έπειτα από σφοδρό κύμα καύσωνα, η χώρα βρίσκεται αντιμέτωπη και με τις πρώτες μεγάλες δασικές πυρκαγιές του καλοκαιριού | Πορτογαλία | Φωτιά | Καύσωνας | Κόσμος","Big fire in northern Portugal: More than a thousand firefighters on the frontlines, ash 100,000 hectares. After a severe heat wave, the country is facing the first big forest fires of the summer | Portugal | Fire | Heat | World","Ignis magnus in Lusitania septentrionali: Plus quam mille pugnatores in frontibus, cinis 100,000 hectares. Post gravem aestum , rus primos magnos saltus aestatis ignes respicit | Portugal | ignis | Calor | Mundus",https://www.protothema.gr/world/article/1845669/megali-fotia-sti-voreia-portogalia-pano-apo-hilioi-purosvestes-sta-metopa-stahti-100000-stremmata/,https://www.protothema.gr/images/640x360share/jpg/files/2026-07-04/maketa-portogalia-fotia.jpg,,"A large wildfire near Vouzela in central Portugal spread overnight across three municipalities, burning over 2,400 hectares, injuring six people and forcing village evacuations, with nearly 1,000 fir… [+141 chars]",,2026-07-12 21:34:18+00:00,wmo,Portugal,MED,Europe
3d9fd00e3199088b2201d689e1c23341,2026-07-05T00:37:49Z,Storm,καταιγίδα,www.protothema.gr,el,0.7,"Ein Sturm machte Trumps Pläne für die große Feier zum 250. Jahrestag der Unabhängigkeit zunichte, siehe Video. Die National Mall in Washington wurde vor der Rede des amerikanischen Präsidenten evakuiert | Donald Trump | USA | Washington | Sturm | Welt","Καταιγίδα χάλασε τα σχέδια του Τραμπ για τη μεγάλη γιορτή των 250 χρόνων ανεξαρτησίας, δείτε βίντεο",Εκκενώθηκε το National Mall στην Ουάσιγκτον πριν από την ομιλία του Αμερικανού προέδρου | Ντόναλντ Τραμπ | ΗΠΑ | Ουάσινγκτον | Καταιγίδα | Κόσμος,"A storm ruined Trump's plans for the big celebration of 250 years of independence, see video. The National Mall in Washington was evacuated before the speech of the American president | Donald Trump | USA | Washington | Storm | World","Tempestas Trump consilia ad magnam celebrationem 250 annorum independentiae labefactavit, vide video. National Mall in Washington ante loquelam praesidis Americani emissus est Donald BUCINUM | USA | Washington | Storm | Mundus",https://www.protothema.gr/world/article/1845726/kataigida-halase-ta-shedia-tou-trab-gia-ti-megali-giorti-ton-250-hronon-anexartisias-deite-video/,https://www.protothema.gr/images/640x360share/2/jpg/files/2026-07-05/kataigida_washington.jpg,,"""The safety of our guests, performers, and staff is our top priority. Due to approaching severe storms, Freedom 250, United States Secret Service, United States Park Police, National Park Service, th… [+148 chars]",,2026-07-13 04:22:58+00:00,random,,,
73eeeef428603570a2bd89007ccfc3ee,2026-07-01T07:53:08Z,Thunderstorm,καταιγίδα ρουμανία,www.naftemporiki.gr,el,0.9,"Rumänien einem schweren Sturm ausgeliefert – Ein Toter, 2.000 Hilferufe in Bukarest. Ein schwerer Sturm hat heute Bukarest sowie 20 weitere Provinzen Rumäniens heimgesucht, bei dem ein Mensch ums Leben kam und Dutzende Häuser beschädigt wurden und…
Rumänien einem schweren Sturm ausgeliefert – Ein Toter, 2.000 Notrufe...","Στο έλεος σφοδρής καταιγίδας η Ρουμανία – Ένας νεκρός, 2.000 κλήσεις για βοήθεια στο Βουκουρέστι","Σφοδρή καταιγίδα έπληξε σήμερα το Βουκουρέστι καθώς και άλλες 20 επαρχίες της Ρουμανίας, με αποτέλεσμα ένας άνθρωπος να χάσει τη ζωή του και να προκληθούν ζημιές σε δεκάδες σπίτια και…
Στο έλεος σφοδρής καταιγίδας η Ρουμανία – Ένας νεκρός, 2.000 κλήσεις για β…","Romania at the mercy of severe storm – One dead, 2,000 calls for help in Bucharest. A severe storm hit Bucharest today as well as 20 other provinces of Romania, as a result of which one person lost his life and dozens of houses were damaged and…
Romania at the mercy of severe storm – One dead, 2,000 calls for b...","Romania propter gravem tempestatem miserationem – Mortuus unus, 2,000 in auxilium vocat Bucharest. Gravis tempestas hodie Bucharest tum 20 alias Romaniae provincias incidit, quarum effectus unus homo vitam amisit et justo domorum laesa et…
Romania tempestate gravis - Mortuus est, 2,000 vocat pro b...",https://www.naftemporiki.gr/kosmos/2131650/sto-eleos-sfodris-kataigidas-i-roymania-enas-nekros-2-000-kliseis-gia-voitheia-sto-voykoyresti/,https://www.naftemporiki.gr/wp-content/uploads/2022/11/astrapes_kataigida.jpg,,"2.000 , Digi24. . , 60 . . , . , , 40 .",,2026-07-13 04:22:58+00:00,wmo,Romania,WCE,Europe
888c0af2bedd40f32aad5e5bde904a05,2026-07-01T13:34:55Z,Precipitation,καταιγίδα,www.skai.gr,el,0.9,"Rumänien: Ein Toter durch den starken Sturm, der auf die Hitzewelle folgte. Das Unwetter traf Bukarest und andere Teile des Landes und verursachte großflächige Überschwemmungen, Hunderte umgestürzte Bäume und schwere Schäden",Ρουμανία: Ένας νεκρός από την ισχυρή καταιγίδα που ακολούθησε τον καύσωνα,"Η σφοδρή κακοκαιρία έπληξε το Βουκουρέστι και άλλες περιοχές της χώρας, προκαλώντας εκτεταμένες πλημμύρες, εκατοντάδες πτώσεις δέντρων και σοβαρές ζημιές","Romania: One dead from the strong storm that followed the heat wave. The severe weather hit Bucharest and other parts of the country, causing widespread flooding, hundreds of fallen trees and severe damage","Rōmānī: Unus mortuus est a tempestāte fortā, quae aestum sequēbat undam. Gravis tempestas Bucharest et aliarum regionum partium inundationem late stravit, centum arborum caducarum et gravissima detrimenta.",https://www.skai.gr/news/world/roumania-enas-nekros-apo-tin-isxyri-kataigida-pou-akolouthise-ton-kaysona,https://cdn.skai.gr/sites/default/files/styles/article_16_9/public/2026-07/ap26182390265879.jpg?itok=YJ2DuDub,,"65 , 3 9 , 19 , 5 
1 , 20 .
 60 , 350 100 , (IGSU).
 , . 2.200 , , , , .
 IGSU 988 , 495 .
 , , 40 .
 , .
 .Skai.gr Google News .
© 2026 skai.gr - All Rights Reserved",,2026-07-13 04:22:58+00:00,random,,,
b8d5acfe94328dd9dc78ab62520145cd,2026-07-05T07:52:39Z,Precipitation,καταιγίδα,www.alphafreepress.gr,el,0.9,"Der Sturm hat Trump nicht aufgehalten. Trump: „Das Beste kommt noch“ – Rede zum 250. Jahrestag der USA, 850.000 Feuerwerkskörper und Brand auf der Brooklyn Bridge",Η καταιγίδα δεν σταμάτησε τον Τραμπ,"Τραμπ: «Τα καλύτερα έρχονται» -Η ομιλία για την 250ή επέτειο των ΗΠΑ, τα 850.000 πυροτεχνήματα και η φωτιά στη Γέφυρα του Μπρούκλιν","The storm didn't stop Trump. Trump: 'The best is yet to come' - US 250th anniversary speech, 850,000 fireworks and Brooklyn Bridge fire","Tempestas haud BUCINUM. BUCINUM: 'Optimum est futurum' - US 250th anniversario locutio, 850,000 pompa et Brooklyn, pontis ignis",https://www.alphafreepress.gr/2026/07/05/kosmos/i-kataigida-den-stamatise-ton-tramp/,https://www.alphafreepress.gr/wp-content/uploads/2026/05/usa-navy.jpg,,", , 250 , . , National Mall 4 , . , , . , Truth Social «, », . . , . , , , .
 , , . , , . Air Force One, . , . , « » , , . . 250 , . « 1776» , . « . », .
 , , , . , «, ». « » . , Gold Star Families… [+319 chars]",,2026-07-13 04:22:58+00:00,random,,,
103c91014036dc620eed919958dc42c7,2026-07-09T08:45:42Z,Thunderstorm,καταιγίδα,www.naftemporiki.gr,el,0.9,"Südchina: 39 Tote nach Tropensturm Maysa. Bei Überschwemmungen durch den Tropensturm Maysak sind im Süden Chinas 39 Menschen ums Leben gekommen.
26 von ihnen starben nach einem Dammbruch, der…
Südchina: 39 Tote nach Tropensturm Maysa – THE SEAFOOD",Νότια Κίνα: 39 νεκροί μετά από την τροπική καταιγίδα Maysa,"Οι πλημμύρες που προκλήθηκαν από την τροπική καταιγίδα Maysak κόστισαν τη ζωή σε 39 ανθρώπους στη νότια Κίνα.
26 από αυτούς έχασαν τη ζωή τους μετά από ρήξη φράγματος που…
Νότια Κίνα: 39 νεκροί μετά από την τροπική καταιγίδα Maysa - Η ΝΑΥΤΕΜΠΟΡΙΚΗ","South China: 39 dead after tropical storm Maysa. Flooding caused by Tropical Storm Maysak has killed 39 people in southern China.
26 of them died after a dam burst which…
South China: 39 dead after tropical storm Maysa - THE SEAFOOD","Sinae Australes: 39 post tempestatem tropicam Maysa mortui. Inundatio a Tropical Maysak 39 homines in Sinis meridianis necavit.
26 Eorum postquam a matre crepuerunt, mortuus est.
Sinae Australes: 39 post tempestatem tropicam Maysa mortui - THE SEAFOOD",https://www.naftemporiki.gr/kosmos/2135312/notia-kina-39-nekroi-meta-apo-tin-tropiki-kataigida-maysa/,https://www.naftemporiki.gr/wp-content/uploads/2026/07/kina-plimmyres.jpg,,"Maysak 39 .
26 .
 , , .
 , ,   .
 130.000 , drones .
 8.000 5.700 .
, 10-40 90 , .
 , 100 , , , , .
: Al Jazeera",,2026-07-13 04:22:58+00:00,random,,,
d61592a50ae03d2942b490b1129bdba1,2026-07-09T13:03:56Z,Thunderstorm,καταιγίδα,www.alphafreepress.gr,el,0.9,"Bonnie Tyler ist gestorben: Die Frau, die die Liebe wie ein Sturm sang. Die durch „Total Eclipse of the Heart“ berühmt gewordene Sängerin hat in einem Krankenhaus in Portugal ihren letzten Atemzug getan – „Unerwartet“ beschreibt die britische Familie ihren Tod in einer Stellungnahme",Πέθανε η Μπόνι Τάιλερ: Η γυναίκα που τραγούδησε τον έρωτα σαν καταιγίδα,"Η τραγουδίστρια που έγινε πασίγνωστη από το «Total Eclipse of the Heart», άφησε την τελευταία της πνοή σε νοσοκομείο της Πορτογαλίας - «Απροσδόκητο» χαρακτηρίζει τον θάνατό της η οικογένεια της Βρετανίδας μέσω ανακοίνωσης που εξέδωσαν","Bonnie Tyler has died: The woman who sang love like a storm. The singer who became famous from ""Total Eclipse of the Heart"", breathed her last in a hospital in Portugal - ""Unexpected"" the British family describes her death through a statement issued","Bonnie Tyler obiit: Mulier quae amorem quasi tempestas cecinit. Cantor, qui clarus factus est ex ""Eclipse Cordis"", exspiravit in valetudinarium Portugalliae - ""Inopinatus"" Britanniae familia mortem suam describit per denuntiationem editam.",https://www.alphafreepress.gr/2026/07/09/psixagogia/politismos/pethane-i-mponi-tailer-i-gynaika-pou-tragoudise-ton-erota-san-kataigida/,https://www.alphafreepress.gr/wp-content/uploads/2026/07/Bonnie-Tyler2.jpg,,", , , 75 , , . , «Total Eclipse of the Heart», , .
 , , . , .
 , . , . , . , , .
 . . . , , .
 8 1951 , , . , , . , : , , Beatles. , , «All Things Bright and Beautiful».
 , , . 16 . 1969 , , . .… [+1140 chars]",,2026-07-13 04:22:58+00:00,random,,,
c0d4366d1f9c8b7a5c86ffcbabb22b1e,2026-07-07T14:01:40Z,Landslide,κατολίσθηση,www.protothema.gr,el,0.9,"Mindestens drei Tote und sieben Vermisste nach einem schrecklichen Erdrutsch in Indien, siehe Video. Das Video einer Überwachungskamera fängt den Moment ein, in dem Menschen rennen, um sich vor der riesigen Schlammlawine zu retten, die auf sie zuströmt | Indien | Erdrutsch | Tot | Fehlt | Schlamm | Welt","Τουλάχιστον τρεις νεκροί και επτά αγνοούμενοι μετά από τρομακτική κατολίσθηση στην Ινδία, δείτε βίντεο",Βίντεο από κάμερα ασφαλείας καταγράφει τη στιγμή που άνθρωποι τρέχουν να σωθούν από τον τεράστιο χείμαρρο λάσπης που κατευθύνεται ορμητικά κατά πάνω τους | Ινδία | Κατολίσθηση | Νεκροί | Αγνοούμενοι | Λάσπη | Κόσμος,"At least three dead and seven missing after a terrifying landslide in India, see video. Security camera video captures the moment people run to save themselves from the huge mudflow rushing towards them | India | Landslide | Dead | Missing | Mud | World",Saltem tres mortuos et septem absentes postquam in India terribili lapsu videre video. Securitas camera video captat momento homines currunt ut se salvent ab ingenti mudflow ad eos irruente | India | Landslide | Mortuus | Absentis | Mud | Mundus,https://www.protothema.gr/world/article/1847017/toulahiston-treis-nekroi-kai-epta-agnooumenoi-meta-apo-tromaktiki-katolisthisi-stin-india-deite-video/,https://www.protothema.gr/images/640x360share/jpg/files/2026-07-07/landslide_maketa.jpg,,", . . .JUST IN: Terrifying CCTV footage shows a massive landslide striking a tunnel construction site near Meppady, Wayanad district, Kerala, India.
Three people are reported dead, while six have be… [+166 chars]",,2026-07-13 15:36:45+00:00,random,,,
ad13deb18d9cbdc86231543894a327ab,2026-07-09T03:40:00Z,Insect Infestation,ακρίδα,www.protothema.gr,el,0.9,"Tasos Iordanidis und Thalia Matika brauchten es von einer Heuschrecke auf der Bühne in Kilkis: Wir wurden in Zentralmakedonien resili, siehe Video. Die urkomischen Dialoge des Paares, bis die „riesige“ Heuschrecke die Bühne verlässt | Thalia Matika | Tasos Iordanidis | Heuschrecken | Kilkis | Gala","Τάσος Ιορδανίδης και Θάλεια Ματίκα τα χρειάστηκαν από ακρίδα στη σκηνή στο Κιλκίς: Γίναμε ρεζίλι στην Κεντρική Μακεδονία, δείτε βίντεο",Οι ξεκαρδιστικοί διάλογοι ανάμεσα στο ζευγάρι μέχρι να απομακρυνθεί από τη σκηνή η «τεράστια» ακρίδα | Θάλεια Ματίκα | Τάσος Ιορδανίδης | Ακρίδες | Κιλκίς | Gala,"Tasos Iordanidis and Thalia Matika needed it from a locust on the stage in Kilkis: We became resili in Central Macedonia, see video. The hilarious dialogues between the couple until the ""huge"" grasshopper leaves the stage | Thalia Matika | Tasos Iordanidis | Grasshoppers | Kilkis | Gala","Tasos Iordanidis et Thalia Matika e locusta in scaena Kilkis egebant: Resili in Central Macedonia facti sumus, videre video. Dialogi hilares inter coniuges usque ad ""ingens"" cicadam scenam relinquit | Thalia Matika | Tasos Iordanidis | Locusta | Kilkis | Gala",https://www.protothema.gr/life-style/article/1847901/tasos-iordanidis-kai-thaleia-matika-ta-hreiastikan-apo-akrida-sti-skini-sto-kilkis-giname-rezili/,https://www.protothema.gr/images/640x360share/png/files/2026-07-09/iordanidisakrida.png,,"« » ... !« guest » «» , Facebook.
« , . ;», « , ».
, , . « , ; . » «;» « . , ».
, , « » «;; &gt; ». .
, , , « . ».« . . . » .
«; » « , . » .",,2026-07-14 17:50:21+00:00,random,,,
7dbb84ab8e6ec1a918ecf1af202a0e46,2026-07-02T15:40:16Z,Cold Wave,πτώση της θερμοκρασίας,www.protothema.gr,el,0.9,"Wetter: Das Thermometer überschritt am Donnerstag 38°C, die Gebiete mit den höchsten Temperaturen. Kleiner Temperaturrückgang am Freitag, detaillierte Prognose von EMY | Wetter | Wetter morgen | Wetter Freitag | Wetter EMY | Griechenland","Καιρός: Ξεπέρασε τους 38°C το θερμόμετρο την Πέμπτη, οι περιοχές με τις υψηλότερες θερμοκρασίες","Μικρή πτώση της θερμοκρασίας την Παρασκευή, αναλυτική πρόγνωση από την ΕΜΥ | Καιρός | Καιρός αύριο | Καιρός Παρασκευή | Καιρός ΕΜΥ | Ελλάδα","Weather: The thermometer exceeded 38°C on Thursday, the areas with the highest temperatures. Small drop in temperature on Friday, detailed forecast from EMY | Weather | Weather tomorrow | Weather Friday | Weather EMY | Greece","Tempestas: Thermometrum exceditur 38°C die Iovis, areas cum summa temperaturis. Parva gutta in temperatus die Veneris, detailed praenuntientur ex EMy | Tempestas | Tempestas cras | Tempestas Veneris | Weather EMY | Graecia",https://www.protothema.gr/greece/article/1844696/kairos-xeperase-tous-38c-to-thermometro-tin-pebti-oi-periohes-me-tis-upsiloteres-thermokrasies/,https://www.protothema.gr/images/640x360share/jpg/files/2026-07-02/kairos-zesti.jpg,,": 3 5 6 .: 21 33 34 35 . 2 3 ., , , 
: . - .: 3 4, 4 5 .: 21 36 37 .
, 
: - .: 4 5 6 .: 23 31 . 32 33 .
 - 
: .: 4 5, 6 5 6 .: 23 33 34 .
: . - .: 3 - 4 .: 24 33 34 . 2 3 .
: - .: 3 4 .: 20 34… [+4 chars]",,2026-07-14 21:39:56+00:00,random,,,
eeaed947bf968e1da2cb82849fe135a2,2026-07-03T04:23:03Z,Cold Wave,πτώση της θερμοκρασίας,www.skai.gr,el,0.9,"Wo heute Regen erwartet wird - Leichter Temperaturrückgang im Norden. Sehen Sie sich die detaillierte Vorhersage von EMY an – Der Wind weht aus Nordnordwest mit 3 bis 5, im Südosten und ab dem Nachmittag und im nördlichen Ionischen Meer lokal mit bis zu 6 Beaufort",Πού αναμένονται σήμερα βροχές - Μικρή πτώση της θερμοκρασίας στα βόρεια,"Δείτε την αναλυτική πρόγνωση της ΕΜΥ - Οι άνεμοι θα πνέουν βόρειοι βορειοδυτικοί 3 με 5, στα νοτιοανατολικά και από το απόγευμα και στο βόρειο Ιόνιο τοπικά έως 6 μποφόρ","Where rain is expected today - Slight drop in temperature in the north. See EMY's detailed forecast - Winds will blow north northwest 3 to 5, in the southeast and from the afternoon and in the northern Ionian locally up to 6 Beaufort","Ubi hodie pluvia exspectatur - Slight drop in temperatus in septentrione. Vide EMY accurata praenuntiatio - Venti flabunt ad chorum 3 ad 5 septentriones, in meridiem et meridiem et in loco Ionio septentrionali usque ad 6 Beaufort.",https://www.skai.gr/news/weather/pou-anamenontai-simera-vroxes-mikri-ptosi-tis-thermokrasias-sta-voreia-1,https://cdn.skai.gr/sites/default/files/styles/article_16_9/public/2026-07/eurokinissi_kairos_0.jpg?itok=64TY8If9,,", . - .
 3 5, 6 .
 . , , 30 33 33 35 36 37 .
 :
: . - .: 3 - 4 .: 24 34 . 2 3 .: - . .: 3 4 .: 20 34 .
, : - .: 4 - - .: 20 34 35 . 2 3 . , , , : . - .: 3 5 6 .: 21 33 34 35 . 2 3 ., , , : . - .… [+110 chars]",,2026-07-14 21:39:56+00:00,random,,,
f3e045a69a9d640a7455dc9d74d1ac8a,2026-07-04T04:26:46Z,Cold Wave,πτώση της θερμοκρασίας,www.naftemporiki.gr,el,0.9,"Heute instabiles Wetter: Leichter Temperaturrückgang – Wo wird es regnen, sporadische Stürme auf der Peloponnes. Heute, Samstag, herrscht im Land eine instabile Szene mit zunehmender Bewölkung und örtlichem Regen, wobei der Peloponnes im Zentrum liegt, da mit sporadischen Stürmen zu rechnen ist, möglicherweise vorübergehend heftig zur Mittagszeit –…
Unbeständiges Wetter heute: Leichter Herbst...","Άστατος ο καιρός σήμερα: Μικρή πτώση της θερμοκρασίας – Πού θα βρέξει, σποραδικές καταιγίδες στην Πελοπόννησο","Σκηνικό αστάθειας με αυξημένες νεφώσεις και τοπικές βροχές επικρατεί σήμερα, Σάββατο, στη χώρα, με την Πελοπόννησο να βρίσκεται στο επίκεντρο καθώς αναμένονται σποραδικές καταιγίδες, πιθανώς πρόσκαιρα ισχυρές το μεσημέρι –…
Άστατος ο καιρός σήμερα: Μικρή πτώσ…","Unstable weather today: Slight drop in temperature – Where will it rain, sporadic storms in the Peloponnese. An unstable scene with increased clouds and local rain prevails today, Saturday, in the country, with the Peloponnese in the center as sporadic storms are expected, possibly temporarily strong at noon –…
Unsettled weather today: A slight fall...","Tempestas instabilis hodie: Levia gutta in temperie – Ubi pluet, tempestates sporadices in Peloponneso. Scaena instabilis cum auctis nubibus et pluviae locali hodie Saturni in regione, cum Peloponnesus in centro tamquam tempestates RADICES exspectantur, forte meridiano tempore fortes sunt -…
Tempestas perturbata hodie: Levis casus...",https://www.naftemporiki.gr/society/2133086/astatos-o-kairos-simera-mikri-ptosi-tis-thermokrasias-poy-tha-vrexei-sporadikes-kataigides-stin-peloponniso/,https://www.naftemporiki.gr/wp-content/uploads/2020/11/1226017.jpeg,,", , , , – .
 , , , , , , , , , . .
 .
 3 5 6, 7 .
 . 30 33 34 35 .
, 
: – . . .
: 3 5 6 .
: 20 34 35 . 2 3 .
 , , , 
: . – , , .
: 3 5 6 7 .
: 21 33 34 35 . 2 3 .
, , , 
: , , . .
: 4 … [+211 chars]",,2026-07-14 21:39:56+00:00,random,,,
0b3fccd173140354aac60a8082bf41c9,2026-07-04T16:09:00Z,Cold Wave,πτώση της θερμοκρασίας,www.newsit.gr,el,0.9,"Wetter morgen: Stürmischer Wind in der Ägäis mit Windstärken bis zu 8 Beaufort - Leichter Temperaturrückgang. Laut EMY werden morgen (07.05.2026) Winde mit einer Stärke von bis zu 8 Beaufort über die Ägäis treffen, während die Wettertemperatur 34 °C nicht überschreiten wird ... 
Der Artikel Wetter morgen: Stürmischer Wind in der Ägäis mit Windstärken bis zu 8 Beaufort – Leichter Temperaturrückgang veröffentlicht...",Καιρός αύριο: Θυελλώδεις άνεμοι στο Αιγαίο με ανέμους έως 8 μποφόρ – Μικρή πτώση της θερμοκρασίας,"Άνεμοι μέχρι και 8 μποφόρ θα χτυπήσουν το Αιγαίο αύριο (5/7/2026), σύμφωνα με την ΕΜΥ, ενώ η θερμοκρασία στον καιρό δεν θα ξεπεράσει τους 34 ... 
To άρθρο Καιρός αύριο: Θυελλώδεις άνεμοι στο Αιγαίο με ανέμους έως 8 μποφόρ – Μικρή πτώση της θερμοκρασίας δημοσι…","Weather tomorrow: Stormy winds in the Aegean with winds up to 8 Beaufort - Slight drop in temperature. Winds of up to 8 Beaufort will hit the Aegean tomorrow (5/7/2026), according to the EMY, while the temperature in the weather will not exceed 34 ... 
The article Weather tomorrow: Stormy winds in the Aegean with winds of up to 8 Beaufort - A slight drop in temperature published...","Tempestas cras: Venti procellae in Aegaeo cum ventis usque ad 8 Beaufort - Slight stilla in temperie. Venti usque ad diem 8 Beaufort cras Aegaeum ferient (5/7/2026), secundum EMY, dum temperatura in tempestate non excedat 34 ... 
Articulus Tempestatis crastinus: Ventorum procellarum in Aegaeo cum ventis usque ad 8 Beaufort - Levis gutta in temperie edita...",https://www.newsit.gr/ellada/kairos-ayrio-thyellodeis-anemoi-sto-aigaio-me-anemous-eos-8-mpofor-mikri-ptosi-tis-thermokrasias/4720241/,https://www.newsit.gr/wp-content/uploads/2026/07/kairos2-10-1200x630.jpg,,"19:09
4 2026
newsit.gr Google
8 (5/7/2026), , 34 .
 , ( ), , , .
 – , , .
 5 7 8 .
 33 34 .
: – .
: 4 6 7 .
: 23 32 .
: – .
: 4 5 3 4 .
: 21 32 .
– 
: ( ) – . .
: 3 5 3 4 .
: 20 33 .… [+172 chars]",,2026-07-14 21:39:56+00:00,random,,,
f7d2c9b2ec485e9d487d805115f27d63,2026-07-04T01:59:51Z,Tropical Cyclone,τυφώνας γκουάμ,www.protothema.gr,el,0.7,Der Supertaifun Bavi bedroht Guam und die Nördlichen Marianen mit Windgeschwindigkeiten von bis zu 314 km/h. Anwohner bereiten sich nur wenige Monate nach einem weiteren verheerenden Supertaifun auf extreme Bedingungen vor | Pazifischer Ozean | Taifun | USA | Welt,Υπερτυφώνας Μπάβι απειλεί Γκουάμ και Βόρειες Μαριάνες με ανέμους έως 314 χλμ/ώρα,Οι κάτοικοι προετοιμάζονται για ακραίες συνθήκες λίγους μήνες μετά το πέρασμα άλλου καταστροφικού υπερτυφώνα | Ειρηνικός Ωκεανός | Τυφώνας | ΗΠΑ | Κόσμος,Super typhoon Bavi threatens Guam and Northern Mariana Islands with winds of up to 314 km/h. Residents brace for extreme conditions just months after another devastating super typhoon | Pacific Ocean | Typhoon | USA | World,Super typhoon Bavi comminatur Guam et Insulas Marianas septemtriones cum ventis usque ad 314 km/h. Residentibus ue ad extremas conditiones mox menses post alium devastandum super typhonium | Pacific Ocean | Typhoon | USA | Mundus,https://www.protothema.gr/world/article/1845402/upertufonas-bavi-apeilei-gouam-kai-voreies-marianes-me-anemous-eos-314-hlmora/,https://www.protothema.gr/images/640x360share/2/jpg/files/2026-07-04/typhoon_bavi.jpg,,"Typhoon Bavi has rapidly intensified over the warm Pacfic waters east of Guam. The now Super Typhoon is equivalent to a category 5 hurricane and continues to gain strength.
Incredible satellite imag… [+147 chars]",,2026-07-15 03:50:06+00:00,wmo,United States,CNA,North-America
c39291113829807d7d62b40e5267f40a,2026-07-06T01:41:00Z,Tropical Cyclone,τυφώνας γκουάμ,www.protothema.gr,el,0.7,"Der Supertaifun Bavi „traf“ die US-Insel Rota mit Windgeschwindigkeiten von 290 km/h und richtete große Zerstörungen an. Befürchtet, dass die Insel wochenlang unbewohnt sein wird – Guam und Rettungsdienste in Bereitschaft | Taifun | USA | Katastrophen | Welt",Ο υπερτυφώνας Μπάβι «χτύπησε» το νησί Ρότα των ΗΠΑ με ανέμους 290 χλμ/ώρα προκαλώντας μεγάλες καταστροφές,Φόβοι ότι το νησί θα μείνει ακατοίκητο για εβδομάδες - Σε ετοιμότητα Γκουάμ και υπηρεσίες έκτακτης ανάγκης | Τυφώνας | ΗΠΑ | Καταστροφές | Κόσμος,"Super typhoon Bavi ""hit"" the US island of Rota with winds of 290 km/h causing great destruction. Fears the island will be uninhabited for weeks - On standby Guam and emergency services | Typhoon | USA | Disasters | World","Super typhoon Bavi ""percutere"" US insulam Rotae cum ventis 290 km/h magnam stragem fecit. Metus insulae per hebdomades inhabitabilis erit - In sto Guam et subitis servitiis | Typhoon | USA | Disasters | Mundus",https://www.protothema.gr/world/article/1846036/o-upertufonas-bavi-htupise-to-nisi-rota-ton-ipa-me-anemous-290-hlmora-prokalodas-megales-katastrofes/,https://www.protothema.gr/images/640x360share/2/jpg/files/2026-07-04/typhoon_bavi.jpg,,"Super Typhoon Bavi Category 5 in Rota , USA Live 05/07/2026 
05 July 2026 , Super Typhoon Bavi Category 5 is in Rota , Guam (Guåhan), Rota , Saipan , Tinian (Tinian) live , Take Shelter Now. 
Live … [+102 chars]",,2026-07-15 03:50:06+00:00,wmo,United States,CNA,North-America
6d1def4f38d0d0fe1081c828a061143b,2026-07-11T20:42:31Z,Snow&Ice,πάγωμα,www.naftemporiki.gr,el,0.9,"Völkermord an den Armeniern: Knesset-Abstimmung wird ignoriert – Aserbaidschaner schreiben Baku „Einfrieren“ zu. Die Entwicklung des Prozesses zur Anerkennung des Völkermords an den Armeniern durch Israel wirft Fragen auf, da die angekündigte Abstimmung in der Knesset nicht stattgefunden hat, während die derzeitige...
Völkermord an den Armeniern: Die Knesset-Abstimmung wird ignoriert ...",Γενοκτονία των Αρμενίων: Αγνοείται η ψηφοφορία στην Κνεσέτ – Οι Αζέροι αποδίδουν το «πάγωμα» στο Μπακού,"Ερωτήματα προκαλεί η εξέλιξη της διαδικασίας για την αναγνώριση της Γενοκτονίας των Αρμενίων από το Ισραήλ, καθώς η ψηφοφορία που είχε προαναγγελθεί στην Κνεσέτ δεν έχει πραγματοποιηθεί, ενώ η παρούσα…
Γενοκτονία των Αρμενίων: Αγνοείται η ψηφοφορία στην Κνεσέ…","Armenian Genocide: Knesset vote ignored – Azeris attribute 'freeze' to Baku. The development of the process for the recognition of the Armenian Genocide by Israel is causing questions, as the vote that had been announced in the Knesset has not taken place, while the present...
Armenian Genocide: The Knesset vote is ignored...","Genocidium armenicum: Knesset suffragium neglectum - Azeris attributum 'frigus' Baku. Progressus processus agnitionis Genocidis Armenorum ab Israel interrogationes causat, sicut suffragium quod in Knesset nuntiatum fuerat non gestum est, praesens...
Genocide armeniaca: Knesset suffragium ignoratur...",https://www.naftemporiki.gr/society/2136421/genoktonia-ton-armenion-agnoeitai-i-psifoforia-stin-kneset-oi-azeroi-apodidoyn-to-pagoma-sto-mpakoy/,https://www.naftemporiki.gr/wp-content/uploads/2026/05/knesset.jpg,,,,2026-07-16 21:47:30+00:00,random,,,
132a714fc93e6b06df6780ee83f717a6,2026-07-17T09:00:00Z,Landslide,κατολίσθηση,www.protothema.gr,el,0.9,"Schockierende Videos eines Erdrutschs im Südwesten Chinas: Menschen werden lebendig unter den Trümmern begraben. Die Behörden ordneten die Evakuierung von mehr als 60 Bewohnern an, doch während der Evakuierung kam es zu einem Erdrutsch | Erdrutsch | China | Welt",Σοκαριστικά βίντεο από κατολίσθηση στη νοτιοδυτική Κίνα: Άνθρωποι θάφτηκαν ζωντανοί κάτω από τα ερείπια,"Οι αρχές έδωσαν εντολή να απομακρυνθούν περισσότεροι από 60 κάτοικοι, αλλά η κατολίσθηση συνέβη κατά την εκκένωση | Κατολίσθηση | Κίνα | Κόσμος","Shocking videos of a landslide in southwest China: People buried alive under the rubble. Authorities ordered the evacuation of more than 60 residents, but the landslide occurred during the evacuation | Landslide | China | World","Horrendum spectaculum proli in meridiem Sinarum: Homines vivi sub ruderibus defossi. Auctoritates decedere plus quam 60 incolas iussit, sed LAPSUS facta est in evacuatione | Landslide | China | Mundus",https://www.protothema.gr/world/article/1852406/sokaristiko-video-apo-katolisthisi-sti-notiodutiki-kina-polloi-anthropoi-thaftikan-zodanoi-kato-apo-ta-ereipia/,https://www.protothema.gr/images/640x360share/jpg/files/2026-07-17/landslide.jpg,,", , , ., 8 (03:00 ) .
Todays terrifying visuals as a massive landslide caused multiple buildings to collapse near the Wujiang Three Bridges in Pengshui, Chongqing, China.
Many people are trapped un… [+436 chars]",,2026-07-18 21:35:34+00:00,random,,,
7d68db67a5be3902d5e1c0c7f8cc7d03,2026-07-17T09:04:34Z,Landslide,κατολίσθηση,www.skai.gr,el,0.9,"Bewohner der chinesischen Stadt durch Erdrutsch lebendig begraben – Video ansehen Die Behörden ordneten die Evakuierung von mehr als 60 Einwohnern an, doch der Erdrutsch ereignete sich während der morgendlichen Evakuierung und einige blieben lebendig begraben",Θάφτηκαν ζωντανοί κάτοικοι πόλης της Κίνας από κατολίσθηση - Δείτε βίντεο,"Οι αρχές έδωσαν εντολή να απομακρυνθούν περισσότεροι από 60 κάτοικοι, αλλά η κατολίσθηση συνέβη κατά την εκκένωση το πρωί, με αποτέλεσμα κάποιοι να θαφτούν ζωντανοί","China City Residents Buried Alive by Landslide - Watch Video Authorities ordered the evacuation of more than 60 residents, but the landslide occurred during the morning evacuation, leaving some buried alive","China City Residents Bureded Alive by Landslide - Watch Video Auctoritates excedere plus quam 60 incolas iussit, sed LAPSUS in evacuatione mane facta est, nonnulla viva defossa relinquens.",https://www.skai.gr/news/world/katolisthisi-se-poli-tis-kinas-agnostos-arithmos-egklovismenon,https://cdn.skai.gr/sites/default/files/styles/article_16_9/public/feedelio/china-xvideo.JPG?itok=W52DUY4a,,", , .
#EXCLUSIVE LANDSLIDE IN CHONGQING, CHINA
Friday, 17th July 2026 pic.twitter.com/w6USUyllvk
 Agraprana Pahlawan (@skynewsagra) July 17, 2026
, 8 (03:00 ) .
#EXCLUSIVE LANDSLIDE IN CHONGQING… [+265 chars]",,2026-07-18 21:35:34+00:00,random,,,
3bc0473f184ab7d50e369fb0f40c9341,2026-07-17T16:14:25Z,Landslide,κατολίσθηση,www.skai.gr,el,0.9,Mindestens 8 Tote und 34 Vermisste durch Erdrutsch in China. Nach einem Erdrutsch im Südosten Chinas sind heute mindestens acht Menschen gestorben und 34 werden noch vermisst.,Τουλάχιστον 8 νεκροί και 34 αγνοούμενοι από την κατολίσθηση στην Κίνα,"Τουλάχιστον 8 άνθρωποι έχασαν τη ζωή τους και 34 εξακολουθούν και αγνοούνται, έπειτα από την κατολίσθηση που σημειώθηκε σήμερα στη νοτιοανατολική Κίνα",At least 8 dead and 34 missing from landslide in China. At least 8 people have died and 34 are still missing after a landslide hit southeast China today.,Saltem 8 mortuus est et 34 e lapsu in Sinis desunt. Saltem octo homines mortui sunt et 34 adhuc desunt postquam hodie Sinarum meridiem lapsus lapsus est.,https://www.skai.gr/news/world/kina-toulaxiston-8-nekroi-34-agnooumenoi-apo-katolisthisi,https://cdn.skai.gr/sites/default/files/styles/article_16_9/public/2022-01/ap-china-abulance.jpg?itok=jFYg_upq,,"43 2 6 , 10 , 2 1 
6 6 36.800 - 24.376 - 
8 34 , , .
 CCTV, 09.10 (04.10 ) , , 800 .
 , , .
 , 8 (03.00 ) .
 60 , 09.08 .
 , 1000 .
 , 10, , .
 CCTV , .
 .
 , , , , .
.Skai.gr Google News… [+39 chars]",,2026-07-18 21:35:34+00:00,random,,,
5d019b0d043438c05e1920fb665c6e2d,2026-07-17T17:05:00Z,Landslide,κατολίσθηση,www.protothema.gr,el,0.9,"Mindestens 8 Tote, 34 Vermisste bei Erdrutsch in China, siehe Video. Derzeit ist nicht bekannt, was genau den Erdrutsch verursacht hat | Erdrutsch | China | Welt","Τουλάχιστον 8 νεκροί, 34 αγνοούμενοι από κατολίσθηση στην Κίνα, δείτε βίντεο",Προς το παρόν δεν είναι γνωστό τι ακριβώς προκάλεσε την κατολίσθηση | Κατολίσθηση | Κίνα | Κόσμος,"At least 8 dead, 34 missing from landslide in China, see video. At the moment it is not known what exactly caused the landslide | Landslide | China | World","Saltem 8 mortuus est, 34 absentis ex lapsu in Sinis, videre video. In momento nescitur quidnam fecerit prolapsum | Landslide | China | Mundus",https://www.protothema.gr/world/article/1852662/toulahiston-8-nekroi-34-agnooumenoi-apo-katolisthisi-stin-kina/,https://www.protothema.gr/images/640x360share/jpg/files/2026-07-17/hnao2sebaaahcml.jpg,,"A massive landslide caused multiple buildings to collapse near the Wujiang Three Bridges in Pengshui, southwest China. 
Many civilians are currently trapped and humanitarian efforts are underway. pi… [+65 chars]",,2026-07-18 21:35:34+00:00,random,,,
6669f6ac0c72fb3dda4665516fce4830,2026-07-17T17:06:41Z,Landslide,κατολίσθηση Κίνα,www.naftemporiki.gr,el,0.9,"China: Mindestens 8 Tote, 34 Vermisste durch Erdrutsch (Foto & Video). Laut staatlichen Medien sind nach einem Erdrutsch im Südosten Chinas heute mindestens acht Menschen gestorben und 34 werden noch vermisst.
Wie vom Staatsfernsehen ausgestrahlt...
China: Mindestens 8 Tote, 34 Vermisste ...","Κίνα: Τουλάχιστον 8 νεκροί, 34 αγνοούμενοι από κατολίσθηση (Φωτό & Βίντεο)","Τουλάχιστον 8 άνθρωποι έχασαν τη ζωή τους και 34 εξακολουθούν και αγνοούνται, έπειτα από μια κατολίσθηση που σημειώθηκε σήμερα στη νοτιοανατολική Κίνα, ανακοίνωσαν κρατικά ΜΜΕ.
Όπως μεταδίδει το κρατικό τηλεοπτικό…
Κίνα: Τουλάχιστον 8 νεκροί, 34 αγνοούμενοι α…","China: At least 8 dead, 34 missing from landslide (Photo & Video). At least eight people have died and 34 are still missing after a landslide hit southeast China today, state media said.
As broadcast by the state television...
China: At least 8 dead, 34 missing a...","China: Saltem 8 mortuus, 34 deest e lapsu (Photo & Video). Saltem octo homines mortui sunt et 34 adhuc desunt postquam in LAPSUS meridiem Sinarum hodie publica media dicitur.
Ut molestie tristique sem...
China: Saltem 8 mortuus, 34 deest a...",https://www.naftemporiki.gr/kosmos/2139230/kina-toylachiston-8-nekroi-34-agnooymenoi-apo-katolisthisi-foto-vinteo/,https://www.naftemporiki.gr/wp-content/uploads/2026/07/kina_katolisthisi.jpg,,"CCTV, 09.10 (04.10 ) , , 800 . , , . , 8 (03.00 ) . 60 , 09.08 ., 1000 . , 10, , . CCTV , . . , , , , .",,2026-07-18 21:35:34+00:00,wmo,China,EAS,Asia
143d9c7d7920a2c1595a4f36dc7e410e,2026-07-06T21:53:36Z,Landslide,κατολίσθηση,www.protothema.gr,el,0.7,"Neun Tote und neun Vermisste bei den verheerenden Überschwemmungen in Ecuador, siehe Video. Vermisster Provinzgouverneur – Erdrutsch verursachte schwere Schäden in der Stadt Guadalupe – Mindestens 38 Verletzte und Dutzende Häuser zerstört | Ecuador | Ecuador | Überschwemmungen | Fehlt | Tot | Welt","Εννέα νεκροί και εννέα αγνοούμενοι από τις καταστροφικές πλημμύρες στον Ισημερινό, δείτε βίντεο",Αγνοείται κυβερνήτρια επαρχίας - Κατολίσθηση προκάλεσε μεγάλες ζημιές στην πόλη Γουανταλούπε – Τουλάχιστον 38 τραυματίες και δεκάδες κατεστραμμένα σπίτια | Ισημερινός | Εκουαδόρ | Πλημμύρες | Αγνοούμενοι | Νεκροί | Κόσμος,"Nine dead and nine missing from the devastating floods in Ecuador, see video. Missing provincial governor - Landslide caused heavy damage in Guadalupe city - At least 38 injured and dozens of houses destroyed | Ecuador | Ecuador | Floods | Missing | Dead | World","Novem mortuos et novem absentes e in Ecuador inundationibus vastantibus, videre video. Absentis praesidis provincialis - Landslide in urbe Guadalupensi grave damnum attulit - Saltem 38 laesa et justo domorum destructa | Ecuador | Ecuador | Flumina | Absentis | Mortuus | Mundus",https://www.protothema.gr/world/article/1846637/ennea-nekroi-kai-ennea-agnooumenoi-apo-tis-katastrofikes-plimmures-ston-isimerino-deite-video/,https://www.protothema.gr/images/640x360share/jpg/files/2026-07-07/mixcollage-07-jul-2026-12-51-am-2628.jpg,,"Emergencia en Zamora. Esta es la magnitud de la tragedia que enluta a familias de Zamora Chinchipe, tras el aluvión registrado en el sector #Cantzama, parroquia #Guadalupe, al Sur de la amazonía ecua… [+149 chars]",,2026-07-19 07:17:14+00:00,random,,,
f9f9462bfb2681090208b17217d6f1d8,2026-07-10T13:46:00Z,Landslide,κατολίσθηση,www.protothema.gr,el,0.7,"Erdrutsch in Myrtos, Kefalonia, Steine ​​und Erde landeten am Strand, siehe Video. Auf den Bildern ist zu sehen, wie sich große Steine ​​und große Mengen Erde vom Hang ablösen und an der Küste landen, während gleichzeitig eine dicke Staubwolke entsteht | Myrte | Kefalonia | Strand | Erdrutsch | TikTok | Griechenland","Κατολίσθηση στον Μύρτο της Κεφαλονιάς, βράχοι και χώματα κατέληξαν στην παραλία, δείτε βίντεο","Στις εικόνες φαίνονται μεγάλοι βράχοι και ποσότητες χώματος να αποκολλώνται από την πλαγιά και να καταλήγουν στην ακτογραμμή, ενώ ταυτόχρονα δημιουργείται πυκνό σύννεφο σκόνης | Μύρτος | Κεφαλονιά | Παραλία | Κατολίσθηση | TikTok | Ελλάδα","Landslide in Myrtos, Kefalonia, rocks and soil ended up on the beach, see video. In the images, large rocks and amounts of soil can be seen peeling off the slope and ending up on the coastline, while at the same time a thick cloud of dust is being created | Myrtle | Kefalonia | Beach | Landslide | TikTok | Greece","Landslide in Myrtos, Kefalonia, Saxa et in litore solo finita sunt, videre video. In imaginibus, saxa magna et pondera terrae videri possunt declivi ac desinentes in ora maritima, dum simul crebra pulveris nubes creatur | Myrtus | Kefalonia | Beach | Landslide | TikTok | Graecia",https://www.protothema.gr/greece/article/1848867/katolisthisi-ston-murto-tis-kefalonias-vrahoi-kai-homata-katelixan-stin-paralia-deite-video/,https://www.protothema.gr/images/640x360share/jpg/files/2026-07-10/myrtos-mkt.jpg,,"To view this video please enable JavaScript, and consider upgrading to a
 web browser that supports HTML5 video",,2026-07-19 07:17:14+00:00,random,,,
389239d87c648224ce6fca20a323c3b2,2026-07-13T08:33:00Z,Landslide,κατολίσθηση,www.protothema.gr,el,0.7,"Lekkas für Myrto Kefalonia: Wir können größere Erdrutsche nicht ausschließen. „Wir sind an der Grenze des tolerierbaren Risikos“, betonte der Präsident der OASP | Erdrutsch | Myrte | Kefalonia | Griechenland",Λέκκας για Μύρτο Κεφαλονιάς: Δεν μπορούμε να αποκλείσουμε μεγαλύτερες κατολισθήσεις,"«Είμαστε στα όρια του ανεκτού κινδύνου», τόνισε ο πρόεδρος του ΟΑΣΠ | Κατολίσθηση | Μύρτος | Κεφαλονιά | Ελλάδα","Lekkas for Myrto Kefalonia: We cannot rule out larger landslides. ""We are at the limits of the tolerable risk"", emphasized the president of OASP | Landslide | Myrtle | Kefalonia | Greece","Lekkas pro Myrto Kefalonia: Maiores procidere non possumus imperare. ""Nos sumus in limitibus periculi tolerabilis"", praeses OASP | Landslide | Myrtus | Kefalonia | Graecia",https://www.protothema.gr/greece/article/1850049/lekkas-gia-murto-kefalonias-den-boroume-na-apokleisoume-megaluteres-katolisthiseis/,https://www.protothema.gr/images/640x360share/jpg/files/2026-07-10/myrtos-mkt.jpg,,", 29-31 (2026) Plastic Free Greece, 420 .",,2026-07-19 07:17:14+00:00,random,,,
ac727e1ecdba6ebba4a5b7b2a5ca2505,2026-07-08T04:53:56Z,Landslide,κατολίσθηση,www.skai.gr,el,0.9,China: 21 Tote durch Erdrutsch in der Provinz Gansu. Nach Angaben der örtlichen Behörden und der China News Agency wurden die Such- und Rettungsaktionen eingestellt. Der Erdrutsch ereignete sich um 06:56 Uhr (Ortszeit).,Κίνα: Στους 21 οι νεκροί από την κατολίσθηση στην επαρχία Γκανσού,"Οι επιχειρήσεις έρευνας και διάσωσης τερματίστηκαν, σύμφωνα με τις τοπικές αρχές και το πρακτορείο Νέα Κίνα - Η κατολίσθηση συνέβη στις 06:56 (τοπική ώρα)","China: At 21 the dead from the landslide in Gansu province. Search and rescue operations have been terminated, according to local authorities and China News Agency - The landslide occurred at 06:56 (local time)","China: Ad 21 mortuos ex lapsu in Gansu provincia. Operationes investigare et liberare terminatae sunt, secundum auctoritates locales et Sinis Nuntii Agency - Lapsus incidit in 06:56 (locus temporis)",https://www.skai.gr/news/world/kina-21-nekroi-apo-ti-foniki-katolisthisi-sti-gkansou-tis-kinas,https://cdn.skai.gr/sites/default/files/styles/article_16_9/public/2026-07/screenshot_2026-07-08_080504.png?itok=E4KhJ5NO,,"To view this video please enable JavaScript, and consider upgrading to a web browser that
 supports HTML5 video",,2026-07-19 07:17:14+00:00,random,,,
dce4416d0dd2827525aeeae9fd21588a,2026-07-08T04:56:56Z,Landslide,κατολίσθηση,www.naftemporiki.gr,el,0.9,"Mindestens 21 Tote bei Erdrutsch im Nordwesten Chinas. Bei einem Erdrutsch in der nordwestchinesischen Provinz Gansu seien mindestens 21 Menschen ums Leben gekommen, berichteten staatliche Medien am Mittwoch.
Der Vorfall ereignete sich um 06:56 Uhr morgens (Ortszeit) in…
Mindestens 21 Tote bei Erdrutsch in B...",Τουλάχιστον 21 νεκροί σε κατολίσθηση στη βορειοδυτική Κίνα,"Τουλάχιστον 21 άνθρωποι σκοτώθηκαν μετά από κατολίσθηση στην επαρχία Γκανσού της βορειοδυτικής Κίνας, όπως μετέδωσαν την Τετάρτη κρατικά μέσα ενημέρωσης.
Το περιστατικό σημειώθηκε στις 06:56 το πρωί (τοπική ώρα), σε…
Τουλάχιστον 21 νεκροί σε κατολίσθηση στη β…","At least 21 dead in landslide in northwest China. At least 21 people have been killed after a landslide in northwest China's Gansu province, state media reported on Wednesday.
The incident occurred at 06:56 in the morning (local time), in…
At least 21 dead in a landslide in B...","Saltem 21 mortui in LAPIDE in Sinis chorum. Saltem XXI homines occisos esse post lapsum in provincia Gansu Sinarum chorum, media die Mercurii relata sunt.
Incidit res ad 06:56 mane (locus temporis), in…
Saltem XXI mortuus in LAPSO in B ...",https://www.naftemporiki.gr/society/2134678/toylachiston-21-nekroi-se-katolisthisi-sti-voreiodytiki-kina/,https://www.naftemporiki.gr/wp-content/uploads/2026/07/kina-plimmyres.jpg,,"21 , .
 06:56 ( ), .
 .
« : ( ) 21 », , .
 , , , 33 . , Xinhua.
17 .
 , CCTV, 40 .
 , , , .
« », .
30 . (3,9 . ) , CCTV.
 , , , .
 --AFP",,2026-07-19 07:17:14+00:00,random,,,
8fbc6e4b87c60e5bdfcd1dc0e55de1d6,2026-07-08T07:32:03Z,Landslide,κατολίσθηση,dialogos.com.cy,el,0.9,"China: Die Zahl der Todesopfer durch den Erdrutsch in Gansu hat 21 erreicht. Nach Angaben der Staatsmedien des Landes ist die Zahl der Todesopfer durch den Erdrutsch in der nordwestchinesischen Provinz Gansu auf 21 gestiegen. Der Erdrutsch begrub insgesamt 33 Menschen im Kreis Dangchang, während Unternehmen…",Κίνα: Tους 21 έφτασαν οι νεκροί από την κατολίσθηση στη Γκανσού,"Ο αριθμός των νεκρών από την κατολίσθηση που σημειώθηκε στην επαρχία Γκανσού, στη βορειοδυτική Κίνα, ανήλθε στους 21, σύμφωνα με τα κρατικά μέσα ενημέρωσης της χώρας. Η κατολίσθηση έθαψε συνολικά 33 ανθρώπους στην κομητεία Ντανγκτσάνγκ, ενώ οι επιχειρήσεις έρ…","China: The death toll from the landslide in Gansu reached 21. The death toll from the landslide in northwest China's Gansu province has risen to 21, according to the country's state media. The landslide buried a total of 33 people in Dangchang County, while businesses are…","China: Mortis vectigal ex LAPSA in Gansu pervenit 21. Mortuus vectigal ex lapsu in chorum Sinarum Gansu provinciae orta est 21 secundum reipublicae mediae patriae. LAPSUS XXXIII hominum in comitatu Dangchang sepelivit, dum negotiationes sunt…",https://dialogos.com.cy/kina-toys-21-eftasan-oi-nekroi-apo-tin-katolisthisi-sti-gkansoy/,https://dialogos.com.cy/wp-content/uploads/2026/07/image-85.png,,"© Dialogos Media Group - , , , / , , , , ( ) , , , , , .",,2026-07-19 07:17:14+00:00,random,,,
3cecbdd2a99d2a7714eb2080e2b320cb,2026-07-10T07:29:04Z,Tropical Cyclone,τυφώνας Φιλιππίνες,www.naftemporiki.gr,el,0.9,"Tödlicher Taifun in Taiwan und auf den Philippinen: 5 Tote, 1000 Menschen aus ihren Häusern evakuiert. Fünf Menschen sind nach einem Erdrutsch auf den Philippinen ums Leben gekommen, während Hunderte taiwanesische Einwohner aufgrund des Vorrückens des Taifuns Bavi aus ihren Häusern evakuiert wurden.
Der Radius der Mächte…
Tödlicher Taifun in Taiwan und den Philippinen: 5 Tote, 1000 Verletzte...","Φονικός τυφώνας σε Ταϊβάν και Φιλιππίνες: 5 νεκροί, 1000 άνθρωποι απομακρύνθηκαν από τα σπίτια τους","Πέντε άνθρωποι έχασαν τη ζωή τους μετά από κατολίσθηση στις Φιλιππίνες, ενώ εκατοντάδες κάτοικοι της Ταϊβάν απομακρύνθηκαν από τα σπίτια τους, καθώς προελαύνει ο τυφώνας Μπάβι.
Η ακτίνα των ισχυρών…
Φονικός τυφώνας σε Ταϊβάν και Φιλιππίνες: 5 νεκροί, 1000 άνθ…","Deadly typhoon in Taiwan and Philippines: 5 dead, 1000 people evacuated from their homes. Five people have died after a landslide in the Philippines, while hundreds of Taiwanese residents have been evacuated from their homes as Typhoon Bavi advances.
The radius of the powers…
Deadly typhoon in Taiwan and the Philippines: 5 dead, 1000 injured...","Typhon mortiferum in Taiwan et Philippinis: 5 mortui, 1000 homines e sedibus suis excessere. Quinque homines post ruinam in Philippinis mortui sunt, cum centeni incolas Taiwanese e sedibus suis excesserint ut Typhoon Bavi progressi sunt.
Radius potestatum…
Typhon mortiferum in Taiwan et Philippinis: 5 mortuus, 1000 vulneratus...",https://www.naftemporiki.gr/kosmos/2135825/fonikos-tyfonas-se-taivan-kai-filippines-5-nekroi-1000-anthropoi-apomakrynthikan-apo-ta-spitia-toys/,https://www.naftemporiki.gr/wp-content/uploads/2026/07/taipei.jpg,,", , .
   ,  380 , 30 .
   , , , , .
 , , , .
  162 ,  198 , ,   (CWA).
 1.000 , , .
: Reuters",,2026-07-19 07:17:14+00:00,wmo,Philippines,SEA,Asia
143a8e727aa6cb0db681d798936aa5aa,2026-07-10T14:05:10Z,Landslide,κατολίσθηση,www.newsit.gr,el,0.9,"Kefalonia: Erdrutsch in Myrtos – Steine ​​und Erde landeten am Strand. Am Strand von Myrtos auf Kefalonia kam es zu Momenten der Panik, als es zu einem Erdrutsch kam und große Steine ​​zusammen mit Erde vom Hang über der Küste gelöst wurden. ... 
Der Artikel Kefalonia: Erdrutsch in Myrtos – Steine und Erde landeten in der Stadt...",Κεφαλονιά: Κατολίσθηση στον Μύρτο – Βράχια και χώματα κατέληξαν στην παραλία,"Στιγμές πανικού εκτυλίχθηκαν στην παραλία Μύρτος στην Κεφαλονιά, όταν σημειώθηκε κατολίσθηση και μεγάλοι βράχοι μαζί με χώματα αποκολλήθηκαν από το πρανές πάνω από την ακτή. ... 
To άρθρο Κεφαλονιά: Κατολίσθηση στον Μύρτο – Βράχια και χώματα κατέληξαν στην πα…","Kefalonia: Landslide in Myrtos - Rocks and soil ended up on the beach. Moments of panic unfolded at Myrtos beach in Kefalonia, when a landslide occurred and large rocks along with soil were detached from the slope above the coast. ... 
The article Kefalonia: Landslide in Myrtos - Rocks and soil ended up in the pa...","Kefalonia: Landslide in Myrtos - Saxa et terra in litore finita sunt. Momenta terroris apud Myrtos litus in Kefalonia explicata, cum in ruinam inciderunt, et saxa magna cum solo declivi super oram distrahuntur. ... 
Articulus Kefalonia: Landslide in Myrtos - Saxa et terra in pa... finita sunt.",https://www.newsit.gr/ellada/kefalonia-katolisthisi-ston-myrto-vraxia-kai-xomata-kateliksan-stin-paralia/4725538/,https://www.newsit.gr/wp-content/uploads/2026/07/mirtos-kefalonia-katolisthisi-paralia-1200x630.jpg,,"17:05
10 2026
17:15 
 10.07.26
16:26 
 10.07.26
16:24 
 10.07.26
16:16 
 10.07.26",,2026-07-19 07:17:14+00:00,random,,,
59d110f3f986291080c8519b594a6835,2026-07-11T12:45:06Z,Landslide,κατολίσθηση,www.naftemporiki.gr,el,0.9,"Risikobewertungsausschuss: Richtlinien zur sofortigen Umsetzung nach dem Erdrutsch in Myrtos, Kefalonia. Der Risikobewertungsausschuss traf sich heute, einberufen vom Generalsekretär für Katastrophenschutz, Nikos Papaefstathiou, im Anschluss an die außerordentliche Sitzung des Ständigen wissenschaftlichen Sonderausschusses für seismische Risikobewertung und...
Bewertungsausschuss…",Επιτροπή Εκτίμησης Κινδύνου: Οδηγίες άμεσης εφαρμογής μετά την κατολίσθηση στον Μύρτο Κεφαλονιάς,"Συνεδρίασε σήμερα,  η Επιτροπή Εκτίμησης Κινδύνου, την οποία συγκάλεσε ο Γενικός Γραμματέας Πολιτικής Προστασίας, Νίκος Παπαευσταθίου, μετά την έκτακτη συνεδρίαση της Μόνιμης Ειδικής Επιστημονικής Επιτροπής Εκτίμησης του Σεισμικού Κινδύνου και…
Επιτροπή Εκτίμ…","Risk Assessment Committee: Guidelines for immediate implementation after the landslide in Myrtos, Kefalonia. The Risk Assessment Committee met today, convened by the General Secretary of Civil Protection, Nikos Papaefstathiou, after the extraordinary meeting of the Permanent Special Scientific Committee for Seismic Risk Assessment and...
Evaluation Committee…","Risk Assessment Committee: Guidelines for immediate implementation after the landslide in Myrtos, Kefalonia. Risk Assessionis Committee hodie convenerunt, a Secretario Generali Protectionis Civilis convocati, Nikos Papaefstathiou, post extraordinarium Conventum Specialis Scientifici Committee permanentis pro Seismic Risk aestimatione et...
Iudicium Committee…",https://www.naftemporiki.gr/society/2136333/epitropi-ektimisis-kindynoy-odigies-amesis-efarmogis-meta-tin-katolisthisi-ston-myrto-kefalonias/,https://www.naftemporiki.gr/wp-content/uploads/2026/07/myrtos-e1783773117698.jpg,,",  , , , ...., .
 ...., .
 :
. ....,
. , 
. .",,2026-07-19 07:17:14+00:00,random,,,
98e0a33b41311a195c980c3a8f4c4380,2026-07-11T18:58:00Z,Landslide,κατολίσθηση,www.protothema.gr,el,0.9,"Der Katastrophenschutzausschuss hat beschlossen, Maßnahmen zum Schutz der Öffentlichkeit nach dem Erdrutsch in Myrtos zu ergreifen. Gegenstand des Treffens war die Auswertung der Schlussfolgerungen des wissenschaftlichen Ausschusses der O.A.S.P. mit dem Ziel, Maßnahmen zum Schutz der Öffentlichkeit zu ergreifen | Myrte | Kefalonia | Erdrutsch | Video | Katastrophenschutz | Griechenland",Την λήψη μέτρων για την προστασία του κοινού αποφάσισε επιτροπή της Πολιτικής Προστασίας μετά την κατολίσθηση στον Μύρτο,"Αντικείμενο της συνεδρίασης αποτέλεσε η αξιολόγηση του πορίσματος της επιστημονικής επιτροπής του Ο.Α.Σ.Π., με στόχο τη λήψη μέτρων για την προστασία του κοινού | Μύρτος | Κεφαλονιά | Κατολίσθηση | Βίντεο | Πολιτική Προστασία | Ελλάδα","The Civil Protection committee decided to take measures to protect the public after the landslide in Myrtos. The object of the meeting was the evaluation of the conclusion of the scientific committee of the O.A.S.P., with the aim of taking measures to protect the public | Myrtle | Kefalonia | Landslide | Video | Civil Protection | Greece","Consilium Civile Praesidium statuit curare ut rem publicam tuendam in Myrto lapsus essem. Obiectum conventus est aestimatio conclusionis commissionis scientificae O.A.S.P., eo consilio ut consilia publica tueri | Myrtus | Kefalonia | Landslide | Video | Civil Protection | Graecia",https://www.protothema.gr/greece/article/1849474/tin-lipsi-metron-gia-tin-prostasia-tou-koinou-apofasise-i-politiki-prostasia-meta-tin-katolisthisi-ston-murto/,https://www.protothema.gr/images/640x360share/jpg/files/2026-07-10/myrtos-mkt.jpg,,", , ., ...., , , 11 2026, , , , , .
...., . :. ....,
. , 
. .
, .TikTok. , .
@tinabest2005 .. #kefalonia#myrtosbeach#greece#rocks - Smastora
, .social media, . , .
, .",,2026-07-19 07:17:14+00:00,random,,,
ab4b5585638d258cf2e0dd03896a3550,2026-07-13T09:02:11Z,Landslide,κατολίσθηση,www.newsit.gr,el,0.9,"Efthymis Lekkas für Myrto Kefalonia: „Wir können größere Erdrutsche nicht ausschließen.“ Efthymis Lekkas sprach am Montagmorgen (13.07.2026) bei Open über den Erdrutsch am Myrtos-Strand in Kefalonia und die Notfallmaßnahmen, die ... 
Efthymi Lekkas Artikel über Myrtos von Kefalonia: „Wir können größere Erdrutsche nicht ausschließen …“",Ευθύμης Λέκκας για Μύρτο Κεφαλονιάς: «Δεν μπορούμε να αποκλείσουμε μεγαλύτερες κατολισθήσεις»,"Ο Ευθύμης Λέκκας μίλησε το πρωί της Δευτέρας (13.07.2026) στο Open για την κατολίσθηση στην παραλία Μύρτος στην Κεφαλονιά και τα έκτακτα μέτρα που έχουν ... 
To άρθρο Ευθύμης Λέκκας για Μύρτο Κεφαλονιάς: «Δεν μπορούμε να αποκλείσουμε μεγαλύτερες κατολισθήσεις…","Efthymis Lekkas for Myrto Kefalonia: ""We cannot rule out bigger landslides"". Efthymis Lekkas spoke on Monday morning (13.07.2026) at Open about the landslide at Myrtos beach in Kefalonia and the emergency measures that have ... 
Efthymi Lekka's article on Myrtos of Kefalonia: ""We cannot rule out bigger landslides...","Efthymis Lekkas pro Myrto Kefalonia: ""maiores ruinas regere non possumus"". Efthymis Lekkas die Lunae mane locutus est (13.07.2026) in Open de lapsu apud Myrtos litus in Kefalonia et mensuras exigentias quae habent .. . 
Articulum Efthymi Lekkae de Myrto Kefaloniae: ""Maiora ruinas imperare non possumus...",https://www.newsit.gr/ellada/eythymis-lekkas-gia-myrto-kefalonias-den-mporoume-na-apokleisoume-megalyteres-katolisthiseis/4727383/,https://www.newsit.gr/wp-content/uploads/2024/07/lekkas_eu-scaled.jpg,,"(13.07.2026) Open .
« , , , 2-3 , , . , . , , », .
 « , ». O :
 , .",,2026-07-19 07:17:14+00:00,random,,,
7f5281e6edce9557bb4df75a0bf4097c,2026-07-17T09:00:53Z,Landslide,κατολίσθηση,www.naftemporiki.gr,el,0.9,"China: Gebäude stürzen nach großem Erdrutsch ein – Befürchtungen für viele Eingeschlossene. Nach einem Erdrutsch in einem Gebiet östlich der südwestchinesischen Stadt Chongqing, der zum Einsturz mehrerer Wohnhäuser führte, sind noch immer eine unbekannte Anzahl von Menschen eingeschlossen.
China: Zusammenbrüche und...",Κίνα: Καταρρεύσεις κτιρίων έπειτα από μεγάλη κατολίσθηση – Φόβοι για πολλούς εγκλωβισμένους,"Αδιευκρίνιστος επί του παρόντος αριθμός ατόμων παραμένουν εγκλωβισμένοι έπειτα από κατολίσθηση σε περιοχή ανατολικά της πόλης Τσονγκτσίνγκ, στη νοτιοδυτική Κίνα, η οποία προκάλεσε την κατάρρευση αρκετών κτιρίων με διαμερίσματα, σύμφωνα…
Κίνα: Καταρρεύσεις κτι…","China: Buildings collapse after large landslide - Fears for many trapped. An undisclosed number of people remain trapped after a landslide in an area east of the southwestern Chinese city of Chongqing caused the collapse of several apartment buildings, according to…
China: Collapses and...","China: Aedificia post magnam ruinam - Timores multos capti sunt. Numerus hominum clausae capti manent post LAPSUS in regione orientali meridiem ad meridiem Sinensium urbem Chongqing ruinam plurium aedificiorum aedificiorum fecit, secundum ...
China: Collapse et...",https://www.naftemporiki.gr/kosmos/2138965/kina-katarreyseis-ktirion-epeita-apo-megali-katolisthisi-fovoi-gia-polloys-egklovismenoys/,https://www.naftemporiki.gr/wp-content/uploads/2024/09/amb_kina.jpg,,", , , .
 , , .
60 , 9:08 , , CCTV.
 CCTV, .
 , Xinhua, .",,2026-07-19 07:17:14+00:00,random,,,
101b92c85309cbd7492b8375ca0afadc,2026-07-17T09:03:40Z,Landslide,κατολίσθηση,www.newsit.gr,el,0.9,"Erdrutsch in China: Unbekannt, wie viele lebendig unter den Trümmern begraben wurden – Die Videos vom Moment des Einsturzes von Hochhäusern. Eine unbekannte Anzahl von Menschen wurde lebendig begraben, nachdem ein Erdrutsch in einer Provinz östlich der Stadt Chongqing im Südwesten Chinas mehrere ... 
Der Artikel Erdrutsch in China: Unbekannt, wie viele lebendig unter... begraben wurden",Κατολίσθηση στην Κίνα: Άγνωστο πόσοι θάφτηκαν ζωντανοί κάτω από τα ερείπια – Τα βίντεο από τη στιγμή της κατάρρευσης πολυώροφων κτιρίων,"Άγνωστος αριθμός ανθρώπων έχουν θαφτεί ζωντανοί έπειτα από κατολίσθηση σε επαρχία στα ανατολικά της πόλης Τσονγκτσίνγκ, στη νοτιοδυτική Κίνα, η οποία προκάλεσε την κατάρρευση αρκετών ... 
To άρθρο Κατολίσθηση στην Κίνα: Άγνωστο πόσοι θάφτηκαν ζωντανοί κάτω απ…","Landslide in China: Unknown how many were buried alive under the rubble - The videos from the moment of the collapse of high-rise buildings. An unknown number of people have been buried alive after a landslide in a province east of the city of Chongqing in southwest China collapsed several ... 
The article Landslide in China: Unknown how many were buried alive under...","Landslide in Sinis: Ignotum quot sub ruderibus vivi defossi sunt - Videos e momento ruinae aedificiorum altae ortum. Numerus hominum incognitus vivos defossa est postquam LAPSUS in provincia orientali urbis Chongqing in Sinis meridiem occidentem concidit complures ... 
Articulus Landslide in China: Ignotum quot vivi sub ... defossi sunt.",https://www.newsit.gr/kosmos/katolisthisi-stin-kina-agnosto-posoi-thaftikan-zontanoi-kato-apo-ta-ereipia-ta-vinteo-apo-ti-stigmi-tis-katarreysis-polyorofon-ktirion/4730698/,https://www.newsit.gr/wp-content/uploads/2024/12/newsit.jpg,,", , , .
 , 8 (03:00 ) .
#EXCLUSIVE LANDSLIDE IN CHONGQING, CHINA
Friday, 17th July 2026 pic.twitter.com/w6USUyllvk
Agraprana Pahlawan (@skynewsagra) July 17, 2026
 60 , 9:08 , , CCTV. CCTV, .
A… [+773 chars]",,2026-07-19 07:17:14+00:00,random,,,
8a9eee6f760e5561caac5743ffc7987d,2026-07-08T11:53:59Z,Tropical Cyclone,τυφώνας,www.protothema.gr,el,0.7,"Trumps „Hurrikan“ an den Märkten: Aktien sinken, Öl erholt sich um 5,5 %, Anleiherenditen steigen. Der Ausverkauf von Aktien und Anleihen steigt, da Trump mit der Ankündigung eines Waffenstillstands im Iran „Feuer“ schürt – Öl steigt um mehr als 5,5 % | Wirtschaft","«Τυφώνας» Tραμπ στις αγορές: Βυθίζονται οι μετοχές, ράλι 5,5% για το πετρέλαιο, στα ύψη οι αποδόσεις των ομολόγων","Κύμα ρευστοποιήσεων σε μετοχές και ομόλογα με τον Τραμπ να βάζει «φωτιά» με τη δήλωσή του για το τέλος της εκεχειρίας με το Ιράν - Άλμα άνω του 5,5% για τις τιμές του πετρελαίου | Οικονομία","Trump's ""Hurricane"" in the markets: Stocks sink, 5.5% rally for oil, bond yields soar. Stock and bond sell-off surge as Trump stokes 'fire' with Iran truce announcement - Oil jumps more than 5.5% | Economy","Trump est ""procellae"" in mercatis: Nervo mergitur, 5.5% soeios oleum, vinculum cedit adsurgere. Truncus et vinculum vendit-off surge sicut Trump stokes 'ignis' cum Iran induciarum denuntiatio - Oleum plus quam 5.5% salit | Oeconomia",https://www.protothema.gr/economy/article/1847539/tufonas-trab-stis-agores-vuthizodai-oi-metohes-rali-55-gia-to-petrelaio-sta-upsi-oi-apodoseis-ton-omologon/,https://www.protothema.gr/images/640x360share/jpg/files/2025-09-11/evroagores.jpg,,", , , « » , . , , , , 80 ., , , . , .
. « », «», « », , ., . « » , « , » « », , , .
 sell off 
, . Stoxx 600 1,58%, Dax 2,05%, FTSE 100 1,38%, CAC 1,96% FTSE MIB -1,34%.
 , , IBEX 35 2,5% Banco S… [+712 chars]",,2026-07-19 14:14:00+00:00,random,,,
e9a22c039818e3c02f73aa79a684ab42,2026-07-07T05:17:35Z,Tropical Cyclone,τυφώνας,www.newsit.gr,el,0.9,"China: Tödlicher Taifun tötet 15 Menschen, neun werden vermisst und Tausende werden evakuiert. Der heftige Vormarsch des Taifuns Maisak hat in Zentral- und Südchina 15 Einwohner das Leben gekostet und Hunderte verletzt, wie heute berichtet wurde... 
Der Artikel China: Tödlicher Taifun fordert 15 Todesopfer, neun Vermisste und Tausende werden evakuiert","Κίνα: Φονικός τυφώνας σκότωσε 15 άτομα, εννιά αγνοούμενοι και χιλιάδες εκκενώσεις","Το σφοδρό πέρασμα του τυφώνα Μάισακ στοίχισε τη ζωή σε 15 κατοίκους και εκατοντάδες τραυματισμούς, στην κεντρική και το νότιο τμήμα της Κίνας, μετέδωσαν σήμερα ... 
To άρθρο Κίνα: Φονικός τυφώνας σκότωσε 15 άτομα, εννιά αγνοούμενοι και χιλιάδες εκκενώσεις δημ…","China: Deadly typhoon kills 15, leaves nine missing and thousands evacuated. The fierce passage of Typhoon Maisak claimed the lives of 15 residents and injured hundreds in central and southern China, reported today... 
The article China: Deadly typhoon kills 15, nine missing and thousands evacuated","China: Typhonium mortiferum XV occidit, folia novem desunt et milia evacuantur. Atrox Typhonis transitus Maisak vitam 15 incolarum vindicavit et centena laesa in Sinis centralibus et meridionalibus retulit hodie... 
Articulus Sinarum: Typhon mortiferum XV necat, novem desit et milia excesserint",https://www.newsit.gr/kosmos/kina-fonikos-tyfonas-skotose-15-atoma-ennia-agnooumenoi-kai-xiliades-ekkenoseis/4722186/,https://www.newsit.gr/wp-content/uploads/2026/07/typhoon-maysak-kina-reuters-1200x630.jpg,,"15 , , (07.07.2026) . ., (04-05.07.2026), , . () « » ( ) « », CCTV., , . .« », CCTV., () 48.000 , . , , , .HAPPENING NOW: Absolutely disastrous flooding at Level III due to extremely heavy rain from … [+277 chars]",,2026-07-19 14:14:00+00:00,random,,,
badcc926b145839a619116ae3e0d97a5,2026-07-07T05:17:35Z,Tropical Cyclone,τυφώνας,www.newsit.gr,el,0.9,"China: Tödlicher Taifun tötet 10 Menschen, einer wird vermisst, Tausende werden evakuiert. Der heftige Vormarsch des Taifuns Maisak forderte zehn Einwohner in Zentral- und Südchina das Leben, berichteten staatliche Medien heute (07.07.2026). ... 
Der Artikel China: Tödlicher Taifun tötet 10 Menschen, einer wird vermisst und Tausende werden öffentlich evakuiert…","Κίνα: Φονικός τυφώνας σκότωσε 10 άτομα, ένας αγνοούμενος και χιλιάδες εκκενώσεις","Το σφοδρό πέρασμα του τυφώνα Μάισακ στοίχισε τη ζωή σε δέκα κατοίκους στην κεντρική και το νότιο τμήμα της Κίνας, μετέδωσαν σήμερα (07.07.2026) κρατικά ΜΜΕ. ... 
To άρθρο Κίνα: Φονικός τυφώνας σκότωσε 10 άτομα, ένας αγνοούμενος και χιλιάδες εκκενώσεις δημοσιε…","China: Deadly Typhoon Kills 10, One Missing, Thousands Evacuated. The fierce passage of Typhoon Maisak claimed the lives of ten residents in central and southern China, state media reported today (07.07.2026). ... 
The article China: Deadly typhoon kills 10 people, one missing and thousands evacuated public…","China: Mortiferum Typhoon interficit X, Absentis, Milia Evacuatur. Atrox Typhonis transitus Maisak vitam affirmavit decem incolas in Sinis centralibus et meridionalibus, instrumentis civitatis hodie retentis (07.07.2026). ... 
Articulus Sinarum: Mortiferum typhon decem homines necat, unum deest et milia publica evacuefacta.",https://www.newsit.gr/kosmos/kina-fonikos-tyfonas-skotose-10-atoma-enas-agnooumenos-kai-xiliades-ekkenoseis/4722186/,https://www.newsit.gr/wp-content/uploads/2026/07/typhoon-maysak-kina-reuters-1200x630.jpg,,", (07.07.2026) . ., (04-05.07.2026), , . () « » ( ) « », CCTV., , . .« », CCTV., () 48.000 , . , , , .HAPPENING NOW: Absolutely disastrous flooding at Level III due to extremely heavy rain from Typho… [+272 chars]",,2026-07-19 14:14:00+00:00,random,,,
1dd8e0a32f9e7149a6702c7f33ad81a1,2026-07-07T05:27:58Z,Tropical Cyclone,τυφώνας,www.alphafreepress.gr,el,0.9,"Taifun Maysak verursacht tödliche Überschwemmungen im Süden Chinas. Die Behörden haben 1.372 Retter und 140 Boote entsandt, während 55 Flüsse die Gefahrenstufe überschritten haben und in Guangxi mit weiteren Regenfällen gerechnet wird.",Ο τυφώνας Maysak προκαλεί φονικές πλημμύρες στη νότια Κίνα,"Οι αρχές έστειλαν 1.372 διασώστες και 140 σκάφη, ενώ 55 ποτάμια ξεπέρασαν τα όρια κινδύνου και αναμένονται νέες βροχές στην Κουανγκσί.","Typhoon Maysak causes deadly flooding in southern China. Authorities have dispatched 1,372 rescuers and 140 boats, while 55 rivers have exceeded danger levels and more rain is expected in Guangxi.","Typhoon Maysak inundationem funestam in Sinis australibus creat. Auctoritates miserunt 1,372 salvatores et 140 lintres, cum 55 flumina periculorum gradus excesserint et plus pluviae in Guangxi exspectantur.",https://www.alphafreepress.gr/2026/07/07/kosmos/o-tyfonas-maysak-prokalei-fonikes-plimmyres-sti-notia-kina/,https://www.alphafreepress.gr/wp-content/uploads/2024/12/PLIMMIRA-GEFIRA.jpg,,", . Maysak . , 48.000 . , , . , . , , . , , .
 . 66 , 55 , . 637 , . Maysak , . . , 1.372 140 . .
HAPPENING NOW: Absolutely disastrous flooding at Level III due to extremely heavy rain from Typhoon… [+230 chars]",,2026-07-19 14:14:00+00:00,random,,,
d0e7674a40900229af163620103fc399,2026-07-13T09:53:00Z,Tropical Cyclone,τυφώνας,www.protothema.gr,el,0.9,"Apokalyptische Bilder in China: Taifun Bavi überschwemmte Städte zwei Meter tief, Straßen verwandelten sich in Flüsse. Alarmstufe Rot wegen Überschwemmungen, gestrandeten Bewohnern, Streckenausfällen und Schulschließungen in vielen Provinzen | China | Überschwemmungen | Welt","Εικόνες αποκάλυψης στην Κίνα: Ο τυφώνας Μπάβι βύθισε πόλεις κάτω από δύο μέτρα νερού, δρόμοι έγιναν ποτάμια","Κόκκινος συναγερμός για πλημμύρες, αποκλεισμένοι κάτοικοι, ακυρώσεις δρομολογίων και κλειστά σχολεία σε πολλές επαρχίες | Κίνα | Πλημμύρες | Κόσμος","Apocalyptic images in China: Typhoon Bavi submerged cities under two meters of water, roads turned into rivers. Red alert for flooding, stranded residents, route cancellations and school closures in many provinces | China | Floods | World","Imagines Apocalypticae in Sinis: Typhoon Bavi submersae urbes sub duobus metris aquae, viae in flumina versae sunt. Red erecti ad inundationem, incolas destitutos, cancellationes et clausuras itineris scholae in multis provinciis | China | Flumina | Mundus",https://www.protothema.gr/world/article/1850104/eikones-apokalupsis-stin-kina-o-tufonas-bavi-vuthise-poleis-kato-apo-duo-metra-nerou-dromoi-eginan-potamia/,https://www.protothema.gr/images/640x360share/jpg/files/2026-07-13/china_floods.jpg,,", , , , ., , . 240.000 . .
Devastating footage of a severe flash flood completely overwhelming Kuancheng Manchu Autonomous County in Chengde, Hebei, China, last night.
Watch as the powerful current… [+224 chars]",,2026-07-19 14:14:00+00:00,random,,,
de221041109de34195caffeb5a6e4518,2026-07-18T17:10:14Z,Precipitation,βροχή Αργεντινή,www.skai.gr,el,0.8,Prognose für das WM-Endspiel: „Schmutziger Regen“ wird die Luft vor dem Anpfiff reinigen. Starker Regen und Gewitter werden die Luft vor dem Finale zwischen Argentinien und Spanien reinigen. Das Spiel soll bei 28 °C und klarem Himmel stattfinden,Η πρόγνωση για τον τελικό του Μουντιάλ: «Βρόμικη βροχή» θα καθαρίσει την ατμόσφαιρα πριν τη σέντρα,"Ισχυρές βροχές και καταιγίδες θα καθαρίσουν την ατμόσφαιρα πριν τον τελικό Αργεντινή–Ισπανία, με τη σέντρα να γίνεται στους 28°C και καθαρό ουρανό","World Cup final forecast: 'Dirty rain' will clear the air before kick-off. Heavy rain and thunderstorms will clear the air ahead of the Argentina-Spain final, with the match set to take place at 28°C and clear skies","Postrema praenuntiatio Trophaeum Mundi: 'pluvia immunda' aerem purgabit antequam calcitrant. Imbribus gravibus et procellis purgabit aerem ante ultimam Argentinam-Hispaniam, cum par paroeciae in 28°C et sereno caelo.",https://www.skai.gr/news/world/prognosi-gia-teliko-mountial-vromiki-vroxi-tha-katharisei-ton-kapno-prin-ti-sentra,https://cdn.skai.gr/sites/default/files/styles/article_16_9/public/2026-07/ap_nea_iorki_kapnos.jpg?itok=klR7TD--,,"2026 1994, 104 32°C. , , - - .
 - MetLife Stadium ( ), , .
' , , . « » - , «» . , , .
 , wet deposition, . «» .
 , . 3 .. ( ), 28°C, - .
 .Skai.gr Google News .",,2026-07-19 17:44:08+00:00,wmo,Argentina,SES,South-America
1cdb62adcc87c9cd9c50c1778416bc00,2026-07-10T05:27:23Z,Tropical Cyclone,στεριά,www.protothema.gr,el,0.9,"Die Privatinseln der Kreuzfahrtschiffe. Die Kreuzfahrtgiganten geben sich nicht mehr damit zufrieden, ihre Kunden von Ziel zu Ziel zu befördern. Sie kaufen oder pachten die exklusive Nutzung ganzer Inseln und Küstengebiete. All-Inclusive auf See und Land | Wirtschaft",Τα ιδιωτικά νησιά των εταιρειών κρουαζιέρας,Oι κολοσσοί της κρουαζιέρας δεν αρκούνται πλέον στο να μεταφέρουν τους πελάτες τους από προορισμό σε προορισμό. Αγοράζουν ή μισθώνουν την αποκλειστική χρήση ολόκληρων νησιών και παραθαλάσσιων εκτάσεων. All-inclusive σε θάλασσα και στεριά | Οικονομία,The private islands of the cruise lines. The cruise giants are no longer content with transporting their customers from destination to destination. They buy or lease the exclusive use of entire islands and coastal areas. All-inclusive on sea and land | Economy,Lecytho insulae privatae lineae. Gigantes lecythus non amplius contenti sunt suis clientibus transportandis a destinatione ad destinatum. Usus exclusivum emunt vel locant in omnibus insulis et locis maritimis. All-inclusive on sea and land | Oeconomia,https://www.protothema.gr/economy/article/1848556/ta-idiotika-nisia-ton-etaireion-krouazieras/,https://www.protothema.gr/images/640x360share/jpg/files/2026-07-10/royal_carribean_arthrou.jpg,,"To view this video please enable JavaScript, and consider upgrading to a
 web browser that supports HTML5 video",,2026-07-19 21:36:38+00:00,random,,,
66359581000d4e68a56b643c7e71fc81,2026-07-18T06:41:23Z,Heat Wave,κύμα καύσωνα,www.newsit.gr,el,0.9,"Wetter: 100-stündige Hitzewelle mit Temperaturen bis zu 42 Grad Celsius – am Dienstag und Donnerstag wird Attika in den 40ern „schmelzen“. Die erste Hitzewelle des Jahres „begrüßt“ unser Land ab heute (18.07.2026), Meteorologen warnen vor heiß-trockenem Wetter und Temperaturen ... 
Der Artikel Wetter: 100-stündige Hitzewelle mit Temperaturen bis zu 42 Grad Celsius - Dienstag und Donnerstag...",Καιρός: Καύσωνας 100 ωρών με θερμοκρασίες έως 42 βαθμούς Κελσίου – Τρίτη και Πέμπτη θα «λιώσει» η Αττική στα 40άρια,"Το πρώτο κύμα καύσωνα του χρόνου, «υποδέχεται» η χώρα μας από σήμερα (18.07.2026), με τους μετεωρολόγους να προειδοποιούν για ζεστό – ξηρό καιρό και θερμοκρασίες ... 
To άρθρο Καιρός: Καύσωνας 100 ωρών με θερμοκρασίες έως 42 βαθμούς Κελσίου – Τρίτη και Πέμπτη…","Weather: 100-hour heatwave with temperatures up to 42 degrees Celsius - Tuesday and Thursday Attica will ""melt"" in the 40s. The first heat wave of the year, our country ""welcomes"" from today (18.07.2026), with meteorologists warning of hot - dry weather and temperatures ... 
The article Weather: 100-hour heat wave with temperatures up to 42 degrees Celsius - Tuesday and Thursday...","Tempestas: 100 horarum undarum cum temperaturis usque ad 42 gradus Celsii - Martis et Iovis Attica in quadraginta s. Primum aestus fluctum anni, nostra patria ""grata"" ab hodie (18.07.2026), cum astrologi monitum est calida - siccitatis et temperaturae .. . 
Articulus Tempestatis: fluctus caloris 100 horarum cum temperaturis usque ad 42 gradus Celsii - Martis et Iovis...",https://www.newsit.gr/ellada/kairos-kaysonas-100-oron-me-thermokrasies-eos-42-vathmous-kelsiou-triti-kai-pempti-tha-liosei-i-attiki-sta-40aria/4731288/,https://www.newsit.gr/wp-content/uploads/2026/07/kafswnas-eurok-3-1200x630.jpg,,", «» (18.07.2026), – 42 .
, . , 42 .
 «43» , . «» , , .
 :
<ul><li> : 40 </li><li> 42 </li><li> (, ) 42 </li><li> (): 42 </li><li> : 41-42 </li></ul> 43 .
, 38 .
 :
 40.
 , 9 .
 «» 
 , , .… [+383 chars]",,2026-07-20 18:34:12+00:00,random,,,
d6811ec853bc169042ea498a3ef3f6e4,2026-07-06T05:52:00Z,Drought,ξηρασία Ελλάδα,www.protothema.gr,el,0.7,"Die Bilder vom Fluss Pinios sind herzzerreißend: Der Rückgang seiner Strömung ist offensichtlich, siehe Bilder. Der drittlängste Fluss des Landes sendet ein Warnsignal aus, da zurückgehende Gewässer das ernste Wasserproblem Thessaliens wieder in den Vordergrund rücken | Fluss Pinios | Wasserknappheit Dürre | Griechenland","Αποκαρδιωτικές οι εικόνες από τον Πηνειό ποταμό: Εμφανής η πτώση της ροής του, δείτε εικόνες","Ο τρίτος μεγαλύτερος ποταμός της χώρας σε μήκος εκπέμπει σήμα κινδύνου, καθώς η υποχώρηση των υδάτων επαναφέρει στο προσκήνιο το σοβαρό υδατικό πρόβλημα της Θεσσαλίας | Πηνειός ποταμός | Λειψυδρία | Ξηρασία | Ελλάδα","The images from the Pinios river are heartbreaking: The drop in its flow is obvious, see images. The country's third-longest river sends out a warning signal as receding waters bring Thessaly's serious water problem back to the fore | Pinios river | Water shortage Drought | Greece","Imagines e Pinio flumine laetissimae sunt: ​​Gutta in evolutione patet, imagines vide. Tertius patriae longissimus amnis Dat monitu signum, ut Thessala recedens aquas ferat: gravis unda reducitur ad anfer | Pinios flumen | Aquae penuria Siccitas | Graecia",https://www.protothema.gr/greece/article/1846096/apokardiotikes-oi-eikones-apo-ton-pineio-potamo-emfanis-i-ptosi-tis-rois-tou-deite-eikones/,https://www.protothema.gr/images/640x360share/jpg/files/2026-07-06/pineios-ena.jpg,,", . .- , .
, , .- , , , , , .
, ( ) ., .
, , . , , , .. : 
« , 9.747 m², , , . : , ( ) ».",,2026-07-21 04:01:17+00:00,edo,Greece,MED,Europe
370dc55a32bd2d3b430571cf4613675c,2026-07-20T05:49:00Z,Heat Wave,καύσωνας αττική,www.protothema.gr,el,0.7,"Hohe Brandgefahr heute in mehreren Gebieten, Attika ebenfalls in Alarmstufe „Gelb“. Hohe Brandgefahr am Montag, 20.07., in 15 Gebieten – Es wird darauf hingewiesen, dass heute eine dreitägige Hitzewelle beginnt, bei der die Temperaturen an manchen Orten sogar 43 Grad erreichen können | Jetzt feuern – Brände im Gange | Brände Griechenland | Feurig…","Υψηλός κίνδυνος φωτιάς σήμερα σε αρκετές περιοχές, σε «κίτρινο» συναγερμό και η Αττική",Υψηλός κίνδυνος για φωτιές τη Δευτέρα 20/7 σε 15 περιοχές - Σημειώνεται ότι από σήμερα ξεκινά και τριήμερος καύσωνας με τις θερμοκρασίες να αναμένεται να φτάσουν κατά τόπους ακόμη και τους 43 βαθμούς | Φωτιά τώρα - Πυρκαγιές σε εξέλιξη | Φωτιές Ελλάδα | Φωτιέ…,"High risk of fire today in several areas, Attica also on ""yellow"" alert. High risk of fires on Monday 7/20 in 15 areas - It is noted that a three-day heatwave begins today with temperatures expected to reach even 43 degrees in some places | Fire Now - Fires in Progress | Fires Greece | Fiery…","Maximum periculum ignis hodie in pluribus locis, Attica etiam in ""flavo"" erectus est. Maximum periculum ignium die Lunae 7/20 in 15 areis - Notatur aestus tres dies hodie inchoare cum temperaturis expectatis usque ad 43 gradus in aliquibus locis | Fire Now - Fires in Progress | Fires Greece | Igneus...",https://www.protothema.gr/greece/article/1853408/upsilos-kindunos-fotias-simera-se-arketes-periohes-se-kitrino-sunagermo-kai-i-attiki/,https://www.protothema.gr/images/640x360share/jpg/files/2026-06-23/foties-sillipseis.jpg,,"( 3) ., :
-,-,-,---,-,-,--,-,-,-,- ,- 
(civilprotection.gov.gr) &amp; , , .
, , , , , , , , .. , .
, 199.",,2026-07-21 21:46:59+00:00,wmo,Greece,MED,Europe
290108ab4d781fd2c82a7a488f51538b,2026-07-16T13:14:53Z,Earthquake,σεισμός ελλάδα,www.protothema.gr,el,0.7,"Erdbeben der Stärke 3,8 nördlich von Lasithi auf Kreta. Das Epizentrum des Erdbebens lag 38 Kilometer nordnordöstlich von Neapoli Lassithiou | Erdbeben | Lassithi | Kreta | Griechenland","Σεισμός 3,8 Ρίχτερ βόρεια από το Λασίθι στην Κρήτη",Tο επίκεντρο της σεισμικής δόνησης εντοπίστηκε 38 χιλιόμετρα βόρεια-βορειοανατολικά από τη Νεάπολη Λασιθίου | Σεισμός | Λασίθι | Κρήτη | Ελλάδα,3.8 Richter earthquake north of Lasithi in Crete. The epicenter of the earthquake was located 38 kilometers north-northeast of Neapoli Lasithi | Earthquake | Lasithi | Crete | Greece,3.8 Richter terrae motus Lasithi in Creta septentrionali. Terrae motus epicenter sita est 38 chiliometrorum septentrionalium Neapoli Lassithiou | Terrae motus | Lasith | Creta | Graecia,https://www.protothema.gr/greece/article/1852027/seismos-38-rihter-voreia-apo-to-lasithi-stin-kriti/,https://www.protothema.gr/images/640x360share/jpg/files/2026-07-16/seismos_lasithi.jpg,,"To view this video please enable JavaScript, and consider upgrading to a
 web browser that supports HTML5 video",,2026-07-23 07:21:50+00:00,usgs,Greece,MED,Europe
5c5767dddf58c122cf05a1b0c71772fe,2026-07-17T15:13:00Z,Earthquake,σεισμός Μεξικό,www.protothema.gr,el,0.7,"Erdbeben der Stärke 7,4 vor der Küste Mexikos, Tsunami-Warnung. Die Fokustiefe wird auf etwa 10 km geschätzt Mexiko | Erdbeben | Welt","Σεισμός 7,4 βαθμών στα ανοικτά των ακτών του Μεξικού, προειδοποίηση για τσουνάμι",Το εστιακό βάθος υπολογίζεται σε περίπου 10 χιλιόμετρα | Μεξικό | Σεισμός | Κόσμος,"7.4 earthquake off the coast of Mexico, tsunami warning. The focal depth is estimated to be about 10 km | Mexico | Earthquake | World",7.4 Terrae motus ad oram Mexici tsunami invadit. Altitudo arx circiter 10 km esse aestimatur | Mexico | Terrae motus | Mundus,https://www.protothema.gr/world/article/1852621/seismos-74-vathmon-sta-anoikta-ton-akton-tou-mexikou-proeidopoiisi-gia-tsounami/,https://www.protothema.gr/images/640x360share/jpg/files/2026-06-20/maketa-seismografos.jpg,,"#SismoSV | El Ministerio de Medio Ambiente informó que la magnitud revisada del sismo registrado a las 8:48 de la mañana cerca de la costa de Chiapas, México, es de 7.4. pic.twitter.com/vAu1VMwbCL
—… [+46 chars]",,2026-07-23 07:21:50+00:00,usgs,Mexico,SCA,North-America
dc8a363712eead3d873d8fccc6fc92b2,2026-07-17T20:54:31Z,Earthquake,σεισμός,www.protothema.gr,el,0.7,Venezuela: Mehr als 5.000 Tote bei zwei starken Erdbeben. 16.740 wurden verletzt und 17.907 wurden obdachlos. Venezuela | Erdbeben | Welt,Βενεζουέλα: Ξεπέρασαν τους 5.000 οι νεκροί από τους δύο ισχυρούς σεισμούς,16.740 έχουν τραυματιστεί και 17.907 έχουν μείνει άστεγοι | Βενεζουέλα | Σεισμός | Κόσμος,"Venezuela: More than 5,000 dead from two powerful earthquakes. 16,740 have been injured and 17,907 have been left homeless Venezuela | Earthquake | World","Venezuela: Plus quam 5,000 mortui sunt ex duobus terrae motibus potentibus. 16,740 laesus et 17,907 profugo relicta Venetiola | Terrae motus | Mundus",https://www.protothema.gr/world/article/1852742/venezouela-xeperasan-tous-5000-oi-nekroi-apo-tous-duo-ishurous-seismous/,https://www.protothema.gr/images/640x360share/jpg/files/2026-07-17/32136162.jpg,,"5.000 24 , ., , 5.069 , 16.740 17.907 .
4.930 .. 24 , 50.000.
7,2 7,5 39 , , , .",,2026-07-23 07:21:50+00:00,random,,,
287358aab0d258565e66c1a901f02e2f,2026-07-17T20:59:28Z,Earthquake,σεισμός,www.alphafreepress.gr,el,0.7,7.4 Erdbeben vor Mexiko – Tsunami-Warnung. Das Epizentrum befand sich in der Nähe der Südküste mit einer Fokustiefe von 10 km und es gab keine Berichte über Schäden oder Verletzte.,"Σεισμός 7,4 Ρίχτερ στα ανοικτά του Μεξικού – Προειδοποίηση για τσουνάμι","Το επίκεντρο εντοπίστηκε κοντά στις νότιες ακτές, με εστιακό βάθος 10 χιλιομέτρων, ενώ δεν υπάρχουν αναφορές για ζημιές ή τραυματισμούς.","7.4 Earthquake Off Mexico - Tsunami Warning. The epicenter was located near the southern coast, with a focal depth of 10 km, and there were no reports of damage or injuries.","7.4 Terraemotus Off Mexico - Tsunami Monitum. Epicenter sita erat prope oram meridionalem cum arx altitudine 10 km, et nullae relationes damni vel iniuriae erant.",https://www.alphafreepress.gr/2026/07/17/kosmos/seismos-7-4-richter-anoikta-mexikou-tsounami/,https://www.alphafreepress.gr/wp-content/uploads/2026/02/mexico-ciyt.jpg,,"7,4 , . , , .
 BUILDINGS SHAKE ACROSS MEXICO
Terrifying moments as buildings sway violently following a powerful 7.4-magnitude earthquake off Mexico's Pacific coast.#BreakingNews#Earthquake#Mexico#… [+1173 chars]",,2026-07-23 07:21:50+00:00,random,,,
1c33ecb9c68d4a605de5e92cd2fa5dd6,2026-07-18T04:52:00Z,Earthquake,σεισμός,www.protothema.gr,el,0.7,Erdbeben der Stärke 5 in der Provinz Malatya im Osten der Türkei. Bisher wurden keine Schäden oder Verletzte gemeldet. Erdbeben | Malatia | Türkei | Welt,Σεισμός 5 Ρίχτερ στην επαρχία Μαλάτια της ανατολικής Τουρκίας,Μέχρι στιγμής δεν έχουν αναφερθεί  ζημιές ούτε τραυματισμοί | Σεισμός | Μαλάτια | Τουρκία | Κόσμος,Magnitude 5 earthquake in Malatya province of eastern Turkey. No damage or injuries have been reported so far Earthquake | Malatia | Turkey | World,Magnitudo 5 terrae motus in Malatya provinciae Turciae orientalis. Nullum damnum vel iniuriae tantum terrae motus relata sunt | Malatia | Turkey | Mundus,https://www.protothema.gr/world/article/1852767/seismos-5-rihter-stin-eparhia-malateia-tis-anatolikis-tourkias/,https://www.protothema.gr/images/640x360share/2/jpg/files/2025-01-30/seismos-arthrou.jpg,,"5 , , .(AFAD), 06:20 , (Battalgazi) .
15,59 , .",,2026-07-23 07:21:50+00:00,random,,,
b3baa6374f290beeb210e2cfebeb8583,2026-07-18T08:30:54Z,Earthquake,σεισμός,www.alphafreepress.gr,el,0.7,"Türkei: Erdbeben der Stärke 5 in Malatya. Das Beben wurde um 07:20 Uhr griechischer Zeit aufgezeichnet und war in Elazig, Antiyaman, Tunceli und Sanliurfa zu spüren, ohne dass ernsthafte Berichte vorliegen.",Τουρκία: Σεισμός 5 Ρίχτερ στη Μαλάτια,"Η δόνηση καταγράφηκε στις 07:20 ώρα Ελλάδας και έγινε αισθητή σε Ελαζίγ, Αντιγιαμάν, Τουντσελί και Σανλιούρφα, χωρίς σοβαρές αναφορές.","Turkey: 5 Richter earthquake in Malatya. The tremor was recorded at 07:20 Greek time and was felt in Elazig, Antiyaman, Tunceli and Sanliurfa, without serious reports.","Turkey: 5. Terraemotus Richter in Malatya. Tremor in diebus Graecis 07:20 memoratus est et in Elazig, Antiyaman, Tunceli et Sanliurfa, sine gravi rumore, sensit.",https://www.alphafreepress.gr/2026/07/18/kosmos/tourkia-seismos-5-richter-sti-malatia-choris-zimies/,https://www.alphafreepress.gr/wp-content/uploads/2025/08/tourkia-q11-1.jpg,,"5 . , , 2023. .
 06:20 , 07:20 , , AFAD. , , , , .
 AFAD , . .
 , , , . , .
 2023, 53.000 .",,2026-07-23 07:21:50+00:00,random,,,
fbc05fe36aa800e641e7da9a84a6d215,2026-07-19T15:57:07Z,Earthquake,σεισμός Περού,www.skai.gr,el,0.7,"Erdbeben der Stärke 5,5 in Peru: Mindestens 5 Tote und Hunderte Vertriebene - Video. Von lokalen Medien ausgestrahlte Bilder zeigten die Trauer der Angehörigen der Opfer in der ländlichen Gegend von Tsongo Bajo","Σεισμός 5,5 Ρίχτερ στο Περού: Τουλάχιστον 5 νεκροί και εκατοντάδες εκτοπισμένοι - Βίντεο","Εικόνες που μετέδωσαν τα τοπικά μέσα ενημέρωσης κατέγραψαν την αγωνία των συγγενών των θυμάτων, στην αγροτική περιοχή Τσόνγκο Μπάχο","5.5 Richter earthquake in Peru: At least 5 dead and hundreds displaced - Video. Images broadcast by local media captured the anguish of relatives of the victims, in the rural area of ​​Tsongo Bajo","5.5 Richter terrae motus in Peruvia: Saltem 5 mortui et centuriones emoti - Video. Imagines ab instrumentis localibus passim angores propinquorum victimarum ceperunt, in regione rurali Tsongo Bajo.",https://www.skai.gr/news/world/seismos-55-rixter-sto-perou-toulaxiston-5-nekroi-kai-ekatontades-ektopismenoi,https://cdn.skai.gr/sites/default/files/styles/article_16_9/public/2026-07/x_seismos_peru.jpg?itok=CwwmYGbY,,"5,5 , , . 20 , 300 .
#AlertaPanasFUERTE TEMBLOR SACUDE PERÚ Y DEJA DAÑOS EN HUANCAYO, un sismo de magnitud 5,5 con epicentro al sur de Chupaca provocó afectaciones en la ciudad de Huancayo, capital … [+387 chars]",,2026-07-23 07:21:50+00:00,usgs,Peru,SAM,South-America
8b0ccc46243aaa48242cec46110105bb,2026-07-17T15:16:45Z,Earthquake,σεισμός Μεξικό,www.newsit.gr,el,0.9,"7.4 Erdbeben in Mexiko – Tsunami-Warnung. Vor der Westküste Mexikos ereignete sich heute (17.07.2026) ein schweres Erdbeben der Stärke 7,4. Nach Angaben des US Geological Survey (USGS) war das Erdbeben ... 
Der Artikel 7.4 Richter-Erdbeben in Mexiko – Tsunami-Warnung für die Öffentlichkeit...","Σεισμός 7,4 Ρίχτερ στο Μεξικό – Προειδοποίηση για τσουνάμι","Μεγάλος σεισμός μεγέθους 7,4 Ρίχτερ σημειώθηκε σήμερα (17/07/2026) στα ανοικτά των δυτικών ακτών στο Μεξικό. Σύμφωνα με το αμερικανικό ινστιτούτο γεωλογικών ερευνών (USGS) ο σεισμός ... 
To άρθρο Σεισμός 7,4 Ρίχτερ στο Μεξικό – Προειδοποίηση για τσουνάμι δημο…","7.4 Earthquake in Mexico - Tsunami Warning. A large 7.4 magnitude earthquake occurred today (17/07/2026) off the west coast of Mexico. According to the US Geological Survey (USGS), the earthquake ... 
The article 7.4 Richter Earthquake in Mexico – Tsunami Warning Public...","7.4 Motus terrae in Mexico - Tsunami Monitum. Magna 7.4 magnitudo terrae motus hodie (17/07/2026) obiectus est ad oram occidentalem Mexicani. Secundum US Geological Survey (USGS), terrae motus ... 
Articulus 7.4 Richter Terraemotus in Mexico – Tsunami Monitum Publicum.",https://www.newsit.gr/ellada/seismos-7-4-rixter-sto-meksiko-proeidopoiisi-gia-tsounami/4731034/,https://www.newsit.gr/wp-content/uploads/2026/07/seismos-mexico-1200x630.jpg,,"18:21 
 17.07.26
18:16 
 17.07.26
17:29 
 17.07.26
16:49 
 17.07.26
16:44 
 17.07.26",,2026-07-23 07:21:50+00:00,usgs,Mexico,SCA,North-America
03e864d9c7257fd9a44b862e2bb0181e,2026-07-18T07:53:56Z,Earthquake,σεισμός Βενεζουέλα,www.alphafreepress.gr,el,0.9,"Erdbeben in Venezuela: Nach jüngster Zählung mindestens 5.069 Tote. Das Erdbeben in Venezuela forderte nach den Erschütterungen der Stärke 7,2 und 7,5 am 24. Juni mindestens 5.069 Tote und 16.740 Verletzte.",Σεισμός στη Βενεζουέλα: Τουλάχιστον 5.069 νεκροί στον νεότερο απολογισμό,"Ο σεισμός στη Βενεζουέλα άφησε τουλάχιστον 5.069 νεκρούς και 16.740 τραυματίες, μετά τις δονήσεις 7,2 και 7,5 Ρίχτερ της 24ης Ιουνίου.","Venezuela earthquake: At least 5,069 dead in latest count. The earthquake in Venezuela left at least 5,069 dead and 16,740 injured, after the 7.2 and 7.5 magnitude tremors on June 24.","Terraemotus Venezuela: Saltem 5,069 mortuo in recentissimo comite. Terrae motus in Venezuela relictus est saltem 5,069 mortuus et 16,740 vulneratus, post 7.2 et 7.5 tremores magnitudinis die 24 Iunii.",https://www.alphafreepress.gr/2026/07/18/kosmos/seismos-sti-venezouela-5069-nekroi-neoteros-apologismos/,https://www.alphafreepress.gr/wp-content/uploads/2026/07/venezouela.jpg,,"5.000 24 . 5.069, 16.740.
 , , . , 17.907 , .
 4.930 . . , , , .
 , 7,2 7,5 , 39 . , . , .
 , . , , .",,2026-07-23 07:21:50+00:00,usgs,Venezuela,NSA,South-America
acb75c17a0f5c8c44b68d500b259c874,2026-07-18T09:09:26Z,Earthquake,σεισμός,www.newsit.gr,el,0.9,"Erdbeben in Sises von Rethymnon mit einer Stärke von 4,3 auf der Richterskala. Ein Erdbeben der Stärke 4,3 auf der Richterskala ereignete sich am Samstagmorgen (18.7.26) in Sises, Rethymno. Nach der automatischen Lösung des Geodynamischen Instituts ereignete sich das Erdbeben am ... <a title=""Erdbeben in Sises Rethymno, Stärke 4,3"" class=""read-more"" hr…","Σεισμός στις Σίσες Ρεθύμνου μεγέθους 4,3 Ρίχτερ","Σεισμός μεγέθους 4,3 Ρίχτερ σημειώθηκε το πρωί του Σαββάτου (18.7.26) στις Σίσες Ρεθύμνου. Σύμφωνα με την αυτόματη λύση του Γεωδυναμικού Ινστιτούτου, ο σεισμός σημειώθηκε στις ... <a title=""Σεισμός στις Σίσες Ρεθύμνου μεγέθους 4,3 Ρίχτερ"" class=""read-more"" hr…","Earthquake in Sises of Rethymnon with a magnitude of 4.3 on the Richter scale. An earthquake measuring 4.3 on the Richter scale occurred on Saturday morning (18.7.26) in Sises, Rethymno. According to the automatic solution of the Geodynamic Institute, the earthquake occurred on ... <a title=""Earthquake in Sises Rethymno magnitude 4.3"" class=""read-more"" hr…","Terrae motus in Sisis Rethymnon cum magnitudine 4.3 in libra Richter. Terrae motus mensurae 4.3 in scala Richter facta mane Sabbati (18.7.26) in Sises, Rethymno. Iuxta solutionem automaticae Instituti Geodynamicae, terrae motus factus est in <a title=""Terrae motus in Sises Rethymno magnitudinis 4.3"" class=""read-more"" hr…",https://www.newsit.gr/ellada/seismos-stis-sises-rethymnou-megethous-4-3-rixter/4731424/,https://www.newsit.gr/wp-content/uploads/2026/07/seismos-4-5-richter-sison-rethymnou-2026-07-18-12-04-1200x630.jpg,,,,2026-07-23 07:21:50+00:00,random,,,
d5d511c907c6343d2962106435560c3a,2026-07-19T08:54:48Z,Earthquake,σεισμός,dialogos.com.cy,el,0.9,"Albtraum in Venezuela: Mehr als 5.100 Tote durch Doppelbeben. Bei den beiden verheerenden Erdbeben vom 24. Juni in Venezuela kamen mindestens 5.119 Menschen ums Leben. Dies geht aus der neuesten, noch vorläufigen offiziellen Zahl der Todesopfer hervor, die die Behörden am Samstag veröffentlicht haben. Etwa 50 weitere Todesfälle wurden registriert…",Εφιάλτης στη Βενεζουέλα: Πάνω από 5.100 νεκροί από τον διπλό σεισμό,"Ο διπλός καταστροφικός σεισμός της 24ης Ιουνίου στη Βενεζουέλα στοίχισε τη ζωή σε τουλάχιστον 5.119 ανθρώπους, κατά τον νεότερο, ακόμη προσωρινό, επίσημο απολογισμό των θυμάτων που δημοσιοποιήθηκε χθες Σάββατο από τις αρχές. Κάπου 50 επιπλέον θάνατοι καταγράφ…","Nightmare in Venezuela: More than 5,100 dead from the double earthquake. The twin devastating earthquakes of June 24 in Venezuela claimed the lives of at least 5,119 people, according to the latest, still provisional, official death toll released Saturday by the authorities. Some 50 additional deaths recorded…","Visio nocturna in Venetiola: Plusquam 5,100 ex duplici terrae motu mortuus. Geminae terrae motus devastantes in Venezuela 24 Iunii 24 animas saltem 5,119 hominum vindicaverunt, secundum novissimam, adhuc provisionalem, officialem mortis thelonei Saturni ab auctoribus emissi. Quidam 50 additional mortes memoriae…",https://dialogos.com.cy/efialtis-sti-venezoyela-pano-apo-5-100-nekroi-apo-ton-diplo-seismo/,https://dialogos.com.cy/wp-content/uploads/2026/07/DOC.20260702.10542066.13079239-1024x683.jpg,,"© Dialogos Media Group - , , , / , , , , ( ) , , , , , .",,2026-07-23 07:21:50+00:00,random,,,
8825513019dd93097aee4208027a3f4f,2026-07-19T16:22:05Z,Earthquake,σεισμός,www.newsit.gr,el,0.9,"Peru: 5 Tote durch Erdbeben der Stärke 5,5 – Hunderte Vertriebene und Dutzende Verletzte. Bei dem Erdbeben der Stärke 5,5, das die Andenregion in Peru erschütterte, kamen fünf Menschen ums Leben, mehr als 20 Menschen wurden verletzt und ... 
Der Artikel Peru: 5 Tote durch Erdbeben der Stärke 5,5 – Hunderte Vertriebene und...","Περού: Στους 5 οι νεκροί από τον σεισμό των 5,5 Ρίχτερ – Εκατοντάδες εκτοπισμένοι και δεκάδες τραυματίες","Πέντε θανάτους έχει προκαλέσει ο σεισμός μεγέθους 5,5 ρίχτερ που έπληξε την περιοχή των Άνδεων στο Περού, ενώ περισσότεροι από 20 άνθρωποι έχουν τραυματιστεί και ... 
To άρθρο Περού: Στους 5 οι νεκροί από τον σεισμό των 5,5 Ρίχτερ – Εκατοντάδες εκτοπισμένοι κ…","Peru: 5 dead from the 5.5 Richter earthquake - Hundreds displaced and dozens injured. Five deaths have been caused by the magnitude 5.5 earthquake that struck the Andes region of Peru, while more than 20 people have been injured and ... 
The article Peru: 5 dead from the 5.5 Richter earthquake - Hundreds displaced and...","Peru: 5 mortuus ab 5.5 Richter terrae motus - Centum moti et justo laesi sunt. Quinque mortes magnitudine 5.5 terrae motus, qui Andes regionem Peruviae percussit, cum plus quam XX homines laesi sunt et ... 
Articulus Pertz: 5 mortuus ab 5.5 terrae motu Richter - Centum moti et ...",https://www.newsit.gr/kosmos/perou-stous-5-oi-nekroi-apo-ton-seismo-ton-5-5-rixter-ekatontades-ektopismenoi-kai-dekades-traymaties/4732185/,https://www.newsit.gr/wp-content/uploads/2026/07/seismosperu-1200x630.jpg,,"5,5 , 20 300 .
 (USGS) 9:24 .. , 2 (1,24 ) - , . 10 (6,21 ).
 .
 , .
 , , . .
#DePlaneta Al menos cinco personas murieron y más de 20 resultaron heridas por un sismo de 5.5 y una réplica que sac… [+428 chars]",,2026-07-23 07:21:50+00:00,random,,,
3a09bebac75e9a21ef5af780846ccf64,2026-07-03T11:38:13Z,Snow&Ice,πάγος,www.protothema.gr,el,0.7,"Eine in alle Richtungen gerichtete Botschaft der neuen Führung des Obersten Gerichtshofs, die Verfassung und die Gesetze zu respektieren. Die ersten Aussagen des Präsidenten des Obersten Gerichtshofs Panagiotis Lymberopoulos und des Staatsanwalts des Obersten Gerichtshofs Evangelos Bakelas | Areios Pagos | Panagiotis Lymberopoulos | Evangelos Bakelas | Verfassung | Griechenland",Μήνυμα προς κάθε κατεύθυνση από την νέα ηγεσία του Αρείου Πάγου για τήρηση του Συντάγματος και των νόμων,Οι πρώτες δηλώσεις του προέδρου Αρείου Πάγου Παναγιώτη Λυμπερόπουλου και του εισαγγελέα του Αρείου Πάγου Ευάγγελου Μπακέλα | Άρειος Πάγος | Παναγιώτης Λυμπερόπουλος | Ευάγγελος Μπακέλας | Σύνταγμα | Ελλάδα,A message in all directions from the new leadership of the Supreme Court to respect the Constitution and the laws. The first statements of the president of the Supreme Court Panagiotis Lymberopoulos and the prosecutor of the Supreme Court Evangelos Bakelas | Areios Pagos | Panagiotis Lymberopoulos | Evangelos Bakelas | Constitution | Greece,Nuncium undequaque de novo supremae Curiae ductu Constitutionem et leges observare. Primae constitutiones Praesidis Supremae Curiae Panagiotis Lymberopoulos et accusatoris supremae Curiae Evangelos Bakelas | Areios Pagos | Panagiotis Lymberopoulos | Evangelos Bakelas | Constitution | Graecia,https://www.protothema.gr/greece/article/1845118/minuma-pros-kathe-kateuthunsi-apo-tin-nea-igesia-tou-areiou-pagou-gia-tirisi-tou-sudagmatos-kai-ton-nomon/,https://www.protothema.gr/images/640x360share/jpg/files/2026-06-30/limperopoulos_bakelas_xrm.jpg,,"To view this video please enable JavaScript, and consider upgrading to a
 web browser that supports HTML5 video",,2026-07-23 14:55:24+00:00,random,,,
bda4349cb42a29c1862cee45c78c4b41,2026-07-03T11:46:06Z,Snow&Ice,πάγος,www.skai.gr,el,0.7,"Areios Pagos: Erklärungen der Univ. Lymberopoulou und Ev. Bakela für die Übernahme ihrer neuen Aufgaben. Der Präsident und der Staatsanwalt des Obersten Gerichtshofs gaben jeweils Erklärungen ab, in denen sie sich zur Einhaltung verfassungsrechtlicher Normen und Gesetze bekennen",Άρειος Πάγος: Δηλώσεις των Παν. Λυμπερόπουλου και Ευ. Μπακέλα για την ανάληψη των νέων καθηκόντων τους,Ο πρόεδρος και ο εισαγγελέας του Αρείου Πάγου αντίστοιχα έκαναν δηλώσεις με τις οποίες δεσμεύονται για την τήρηση των συνταγματικών κανόνων και των νόμων,Areios Pagos: Declarations of the Univ. Lymberopoulou and Ev. Bakela for assuming their new duties. The president and the prosecutor of the Supreme Court respectively made statements in which they are committed to the observance of constitutional norms and laws,Areios Pagos: Declarationes Univ. Lymberopoulou et Ev. Bakela ad suscipiendos munia sua. Praeses et accusator Supremae Curiae dicuntur respectively in quibus mandata sunt normarum et legum observantiae iuridicae.,https://www.skai.gr/news/politics/areios-pagos-diloseis-neou-proedrou-kai-eisaggelea-gia-tirisi-ton-syntagmatikon-nomon,https://cdn.skai.gr/sites/default/files/styles/article_16_9/public/2025-09/eurokinissi_areios_pagos.jpg?itok=hrcopCv-,,"25 10 , 
, , .
, . « , , , ».
, . : « , , , , . , ».
 . , , « , , , , » :
:
« , .
 , , , , , .
 , , , .
 , , .
 , , .
 , , . , , , , , .
 , , , , , .
 . .
 . .
 , .
, , , . , .
, . '… [+168 chars]",,2026-07-23 14:55:24+00:00,random,,,
aebdafc6a556f6485ab3bd9821fcacb1,2026-07-07T22:44:00Z,Earthquake,σεισμός Βενεζουέλα,www.protothema.gr,el,0.7,"Mutter und drei Kinder wurden nach elf Tagen in den Ruinen Venezuelas lebendig gerettet, siehe Video. Der Frau gelang es, ihre Kinder am Leben zu erhalten, indem sie sie unter den Trümmern stillte. Die Zahl der Todesopfer durch die Erdbeben beträgt 3.685 | Venezuela | Erdbeben in Venezuela | Rettung | Welt","Μητέρα και τρία παιδιά ανασύρθηκαν ζωντανοί μετά από 11 ημέρες στα ερείπια της Βενεζουέλας, δείτε βίντεο",Η γυναίκα κατάφερε να κρατήσει στη ζωή τα παιδιά της θηλάζοντάς τα κάτω από τα συντρίμμια - Στους 3.685 οι νεκροί από τους σεισμούς | Βενεζουέλα | Σεισμός Βενεζουέλα | Διάσωση | Κόσμος,"Mother and three children pulled alive after 11 days in the ruins of Venezuela, see video. The woman managed to keep her children alive by breastfeeding them under the debris - The death toll from the earthquakes is 3,685 | Venezuela | Venezuela earthquake | Rescue | World","Mater et tres filii vivi post XI dies in ruinis Venezuela avulsi sunt, videre video. Femina natos suos servari curavit ubere sub strages - The death vectigal a terrae motibus est 3,685 | Venezuela | Terra motus Venetiola | Eripe | Mundus",https://www.protothema.gr/world/article/1847265/mitera-kai-tria-paidia-anasurthikan-zodanoi-meta-apo-11-imeres-sta-ereipia-tis-venezouelas-deite-video/,https://www.protothema.gr/images/640x360share/2/jpg/files/2026-07-08/venezuela_mitera.jpg,,"Una madre venezolana mantuvo vivos a sus tres hijos alimentándolos con leche materna durante 11 días, luego permanecer atrapados bajo los escombros del edificio en La Guaira, Venezuela, por los terre… [+144 chars]",,2026-07-23 21:45:09+00:00,usgs,Venezuela,NSA,South-America
7c28898a890e7b50828a5563db173bbe,2026-07-08T23:53:41Z,Earthquake,σεισμός Βενεζουέλα,www.protothema.gr,el,0.7,"Nach den Erdbeben in Venezuela rufen die Vereinten Nationen zu 296 Millionen US-Dollar an Hilfsgütern auf. Ziel ist es, in den nächsten sechs Monaten nach der Katastrophe vom 24. Juni 1,3 Millionen betroffene Menschen zu unterstützen Venezuela | UNO | Erdbeben in Venezuela | Welt",Έκκληση του ΟΗΕ για βοήθεια 296 εκατ. δολαρίων μετά τους σεισμούς στη Βενεζουέλα,"Στόχος η στήριξη 1,3 εκατ. πληγέντων τους επόμενους έξι μήνες μετά την καταστροφή της 24ης Ιουνίου | Βενεζουέλα | ΟΗΕ | Σεισμός Βενεζουέλα | Κόσμος",UN appeals for $296 million in aid after earthquakes in Venezuela. The aim is to support 1.3 million affected people in the next six months after the disaster of June 24 | Venezuela | UN | Venezuela earthquake | World,IR ad $ 296 decies centena millia in auxilio post terrae motus in Venezuela appellat. Propositum est ut 1.3 miliones hominum affectorum in proximo sex mensibus post calamitatem 24 Iunii | Venezuela | UN | Terra motus Venetiola | Mundus,https://www.protothema.gr/world/article/1847880/ekklisi-tou-oie-gia-voitheia-296-ekat-dolarion-meta-tous-seismous-sti-venezouela/,https://www.protothema.gr/images/640x360share/jpg/files/2026-07-06/venezuela_sos.jpg,,"296 1,3 . 24 .« : 296 1,3 . », , .
, 632 . , , 8 .24 , 115 . , , , 300 . .
. « () 627 ».
, , , , .« », .",,2026-07-23 21:45:09+00:00,usgs,Venezuela,NSA,South-America
d8508cd8cf75e8441222f0b9498ebe28,2026-07-09T17:29:55Z,Earthquake,σεισμός,www.protothema.gr,el,0.7,"Erdbeben der Stärke 5,5 im westlichen Teil der Tschechischen Republik. Bisher liegen keine Informationen über Verletzte oder erhebliche Sachschäden vor Erdbeben | Tschechische Republik | Pilsen | Welt","Σεισμός 5,5 ρίχτερ στο δυτικό τμήμα της Τσεχίας",Μέχρι στιγμής δεν υπάρχουν πληροφορίες για θύματα ή σημαντικές υλικές ζημιές | Σεισμός | Τσεχία | Πλζεν | Κόσμος,5.5 magnitude earthquake in the western part of the Czech Republic. So far there is no information about casualties or significant material damage | Earthquake | Czech Republic | Plzen | World,5.5 Magnitudo terrae motus in parte occidentali Res publica Bohemica. Hactenus nulla est notitia de casu vel damnis materialibus significantibus | Terrae motus | Res publica Bohemica | Plzen | Mundus,https://www.protothema.gr/world/article/1848399/seismos-55-rihter-sto-dutiko-tmima-tis-tsehias/,https://www.protothema.gr/images/640x360share/jpg/files/2026-06-20/maketa-seismografos.jpg,,"10 , 32 .",,2026-07-23 21:45:09+00:00,random,,,
64e8c511923f2ef276ef67c739ac8d9a,2026-07-12T07:15:00Z,Earthquake,σεισμός,www.protothema.gr,el,0.7,"Erdbeben jetzt 3,3 Richter in Prokopi Euböa. Schwache postseismische Erschütterungen der Stärke 2,7 und 3,1 auf der Richterskala wurden vom Geodynamischen Seismologischen Institut | aufgezeichnet Erdbeben jetzt | Euböa | Griechenland","Σεισμός τώρα 3,3 Ρίχτερ στο Προκόπι Ευβοίας","Ασθενείς μετασεισμικές δονήσεις μεγέθους 2,7 και 3,1 Ρίχτερ κατέγραψε το Γεωδυναμικό Σεισμολογικό Ινστιτούτο | Σεισμός τώρα | Εύβοια | Ελλάδα",Earthquake now 3.3 Richter in Prokopi Evia. Weak post-seismic tremors of magnitude 2.7 and 3.1 on the Richter scale were recorded by the Geodynamic Seismological Institute | Earthquake now | Evia | Greece,Terrae motus nunc 3.3 Richter in Prokopi Evia. Tremores post-seismic debiles magnitudinis 2.7 et 3.1 in scalis Richter ab Instituto Seismologico Geodynamice conscripti sunt | Terrae motus nunc | Evia | Graecia,https://www.protothema.gr/greece/article/1849589/seismos-tora-34-rihter-sto-prokopi-euvoias/,https://www.protothema.gr/images/640x360share/jpg/files/2025-01-21/seismografos-xrwma.jpg,,"To view this video please enable JavaScript, and consider upgrading to a
 web browser that supports HTML5 video",,2026-07-23 21:45:09+00:00,random,,,
a7c38f2df507acd3bb21f411a5b01f27,2026-07-12T12:27:00Z,Earthquake,σεισμός ελλάδα,www.protothema.gr,el,0.7,"Erdbeben jetzt in Kalamata, 3,8 Richter in der Nähe von Arfara Messinia. Bei 10 km beträgt die Fokustiefe | Erdbeben | Erdbeben jetzt | Kalamata | Griechenland","Σεισμός τώρα στην Καλαμάτα, 3,8 Ρίχτερ κοντά στα Αρφαρά Μεσσηνίας",Στα 10 χλμ το εστιακό βάθος | Σεισμός | Σεισμός τώρα | Καλαμάτα | Ελλάδα,"Earthquake now in Kalamata, 3.8 Richter near Arfara Messinia. At 10 km the focal depth | Earthquake | Earthquake now | Kalamata | Greece","Terrae motus nunc in Kalamata, 3.8 Richter prope Arfara Messinia. Ad 10 km profunditas arx | Terrae motus | Terrae motus nunc | Kalamata | Graecia",https://www.protothema.gr/greece/article/1849730/seismos-tora-stin-kalamata-38-rihter-koda-sta-arfara-messinias/,https://www.protothema.gr/images/640x360share/jpg/files/2026-04-28/seismografos-xrw.jpg,,"To view this video please enable JavaScript, and consider upgrading to a
 web browser that supports HTML5 video",,2026-07-23 21:45:09+00:00,usgs,Greece,MED,Europe
e89b89c2727ec322a080324cad052bb8,2026-07-12T14:03:32Z,Earthquake,σεισμός,www.skai.gr,el,0.7,"Erdbeben der Stärke 3,8 in der Nähe von Kalamata. Das Epizentrum des Erdbebens lag nordöstlich von Arfari, Messinia, während die Herdtiefe auf 10 Kilometer geschätzt wird","Σεισμός 3,8 ρίχτερ κοντά στην Καλαμάτα","Το επίκεντρο της σεισμικής δόνησης εντοπίστηκε βορειοανατολικά των Αρφαρών Μεσσηνίας, ενώ το εστιακό βάθος υπολογίζεται στα 10 χιλιόμετρα","3.8 magnitude earthquake near Kalamata. The epicenter of the earthquake was located northeast of Arfari, Messinia, while the focal depth is estimated at 10 kilometers","3.8 Magnitudo terrae motus prope Kalamatam. Motus epicenter terrae motus Arfari ad orientem solem, Messinia sita est, dum arx profunditas ad 10 chiliometra aestimatur.",https://www.skai.gr/news/greece/seismos-38-rixter-konta-stin-kalamata,https://cdn.skai.gr/sites/default/files/styles/article_16_9/public/2026-07/seismoskalamata.png?itok=B4AjhyZ_,,© 2026 skai.gr - All Rights Reserved,,2026-07-23 21:45:09+00:00,random,,,
b9df0272ac4843810aebeb009eaef6bf,2026-07-12T23:58:18Z,Earthquake,σεισμός,www.protothema.gr,el,0.7,"Erdbeben der Stärke 3,6 auf Kos, vor Kefalos. Die Brennweite überschritt in Griechenland 100 Kilometer","Σεισμός 3,6 Ρίχτερ στην Κω, ανοιχτά του Κέφαλου",Το εστιακό βάθος ξεπερνούσε τα 100 χιλιόμετρα | Ελλάδα,"3.6 Richter earthquake in Kos, off Kefalos. The focal depth exceeded 100 kilometers Greece","3.6 Richter terrae motus in Kos, off Kefalos. Arx profunditas 100 chiliometrorum Graeciae exceditur",https://www.protothema.gr/greece/article/1849869/seismos-36-rihter-stin-ko-anoihta-tou-kefalou/,https://www.protothema.gr/images/640x360share/jpg/files/2026-04-28/seismografos-xrw.jpg,,"To view this video please enable JavaScript, and consider upgrading to a
 web browser that supports HTML5 video",,2026-07-23 21:45:09+00:00,random,,,
444d916aec624dd5d2f23d3358696713,2026-07-13T18:57:00Z,Earthquake,σεισμός,www.protothema.gr,el,0.7,Venezuela: 4.561 Tote durch die Erdbeben – Fast 18.000 Obdachlose. Die Zahl der Verletzten durch das Erdbeben vom 24. Juni blieb bei 16.740 | Erdbeben in Venezuela | Welt,Βενεζουέλα: Στους 4.561 οι νεκροί από τους σεισμούς - Σχεδόν 18.000 οι άστεγοι,Ο αριθμός των τραυματιών από τον σεισμό της 24ης Ιουνίου παρέμεινε στους 16.740 | Σεισμός Βενεζουέλα | Κόσμος,"Venezuela: At 4,561 dead from the earthquakes - Almost 18,000 homeless. The number of injured from the June 24 earthquake remained at 16,740 | Venezuela earthquake | World","Venezuela: In 4,561 a terrae motu mortuus - Fere 18,000 profugo. Numerus laesus a terrae motu 24 Iunii ad 16,740 | Terra motus Venetiola | Mundus",https://www.protothema.gr/world/article/1850400/venezouela-stous-4561-oi-nekroi-apo-tous-seismous-shedon-18000-oi-astegoi/,https://www.protothema.gr/images/640x360share/jpg/files/2026-07-13/32113109.jpg,,"To view this video please enable JavaScript, and consider upgrading to a
 web browser that supports HTML5 video",,2026-07-23 21:45:09+00:00,random,,,
8c607a5aadffea3daddd802d364fa5a7,2026-07-06T07:33:32Z,Earthquake,σεισμός,www.alphafreepress.gr,el,0.9,"Erdbeben in Venezuela: 3.342 Tote, 16.740 Verletzte. Bei dem Erdbeben in Venezuela kamen 3.342 Menschen ums Leben und 16.740 wurden verletzt, die UN schätzt die Zahl der Vermissten auf 50.000.","Σεισμός στη Βενεζουέλα: 3.342 νεκροί, 16.740 τραυματίες","Ο σεισμός στη Βενεζουέλα άφησε 3.342 νεκρούς και 16.740 τραυματίες, ενώ ο ΟΗΕ εκτιμά ότι οι αγνοούμενοι μπορεί να φτάνουν τους 50.000.","Earthquake in Venezuela: 3,342 dead, 16,740 injured. The earthquake in Venezuela left 3,342 dead and 16,740 injured, while the UN estimates that the missing may reach 50,000.","Terrae motus in Venetiola: 3,342 mortuus, 16,740 laesus. Terrae motus in Venezuela reliquit 3,342 mortuum et 16,740 laesum, dum IR aestimat absentem ad 50,000 perventurum esse.",https://www.alphafreepress.gr/2026/07/06/kosmos/seismos-sti-venezouela-3342-nekroi/,https://www.alphafreepress.gr/wp-content/uploads/2026/06/Venezuela16.jpg,,"24 , , . , 3.342, 16.740. , , . , . , 50.000 , 10.000.
 . 4.000 , . , . . 159 95 . , . , . : 24 2026.
 . , , . , . , 23 , . , . . . , , , .
 . , , . , , . , . . , , , , . , . , .
 , 5 , , « » . ,… [+64 chars]",,2026-07-23 21:45:09+00:00,random,,,
d3fa35a1db4a8096eab097e9df388dc0,2026-07-07T16:07:51Z,Earthquake,σεισμός,www.protothema.gr,el,0.9,Rodriguez kündigt die baldige Wiederaufnahme kommerzieller Flüge am Flughafen Caracas an. US-Hilfe übersteigt 310 Millionen US-Dollar | Venezuela | Delsey Rodriguez | Erdbeben | Caracas | Flughafen | Welt,Η Ροδρίγκες ανακοινώνει την επανέναρξη σύντομα των εμπορικών πτήσεων στο αεροδρόμιο του Καράκας,Η βοήθεια των ΗΠΑ ξεπερνά τα 310 εκατομμύρια δολάρια | Βενεζουέλα | Ντέλσι Ροδρίγκες | σεισμός | Καράκας | Αεροδρομίο | Κόσμος,Rodriguez announces the resumption of commercial flights at Caracas airport soon. US aid exceeds $310 million | Venezuela | Delsey Rodriguez | earthquake | Caracas | Airport | World,Rodriguez nuntiat mox aeriportum Caracas in aeroporto fugarum commercialium resumptionem. US auxilium excedit $310 decies centena millia | Venezuela | Delsey Rodriguez | earthquake | Caracas | Airport | Mundus,https://www.protothema.gr/world/article/1847112/i-rodriges-anakoinonei-tin-epanenarxi-sudoma-ton-eborikon-ptiseon-sto-aerodromio-tou-karakas/,https://www.protothema.gr/images/640x360share/jpg/files/2026-01-31/delcy_rodriguez.jpg,,"« », Telegram, .La presidenta interina de Venezuela, Delcy Rodríguez, dijo el martes que el aeropuerto internacional que sirve a Caracas, dañado por los recientes terremotos del mes pasado, reabrirá … [+173 chars]",,2026-07-23 21:45:09+00:00,random,,,
c950a031e93fcd49c625434cc813c037,2026-07-09T15:20:45Z,Earthquake,σεισμός,www.alphafreepress.gr,el,0.9,"Doppeltes Erdbeben in Venezuela: 3.811 Tote. Bei dem Doppelbeben in Venezuela kamen 3.811 Menschen ums Leben und 16.740 wurden verletzt, während die Retter ihre Suche fortsetzen.",Διπλός σεισμός στη Βενεζουέλα: Στους 3.811 οι νεκροί,"Ο διπλός σεισμός στη Βενεζουέλα άφησε 3.811 νεκρούς και 16.740 τραυματίες, ενώ οι διασώστες συνεχίζουν τις έρευνες.","Double earthquake in Venezuela: 3,811 dead. The double earthquake in Venezuela left 3,811 dead and 16,740 injured, while rescuers continue their search.","Terre motus duplex in Venetiola: 3,811 mortuus. Duplex terrae motus in Venezuela 3,811 mortuus et 16,740 laesi relictus est, dum salvatores investigationem suam continuant.",https://www.alphafreepress.gr/2026/07/09/kosmos/diplos-seismos-sti-venezouela-stous-3811-oi-nekroi/,https://www.alphafreepress.gr/wp-content/uploads/2026/06/seismos.jpg,,"3.811 . , .
 , , . , , . 3.685 , .
 , 7,27,5 , 39 . , .
 . , . 16.740 , 6.462 .
 , 86.794 . , 17.907 , , .
 , , . , .",,2026-07-23 21:45:09+00:00,random,,,
fce8e688aa9b322f09bc51aed6eaf0dc,2026-07-15T19:54:19Z,Earthquake,σεισμός,www.newsit.gr,el,0.9,"Erdbeben in Chalki mit einer Stärke von 3,5 Richter. Am Mittwoch (15.07.2026) ereignete sich in Chalki ein Erdbeben der Stärke 3,5. Laut der überarbeiteten Lösung des Geodynamischen Instituts ereignete sich das Erdbeben um 21:29 Uhr und hatte ... 
Der Artikel Erdbeben in Chalki mit einer Stärke von 3,5 Richter wurde in NewsIT veröffentlicht.","Σεισμός στην Χάλκη μεγέθους 3,5 Ρίχτερ","Σεισμός μεγέθους 3,5 Ρίχτερ σημειώθηκε την Τετάρτη (15.07.2026) στην Χάλκη. Σύμφωνα με την αναθεωρημένη λύση του Γεωδυναμικού Ινστιτούτου, ο σεισμός σημειώθηκε στις 21:29 και είχε ... 
To άρθρο Σεισμός στην Χάλκη μεγέθους 3,5 Ρίχτερ δημοσιεύτηκε στο NewsIT .","Earthquake in Halki measuring 3.5 Richter. A magnitude 3.5 earthquake occurred on Wednesday (15.07.2026) in Halki. According to the Geodynamic Institute's revised solution, the earthquake occurred at 21:29 and had ... 
The article Earthquake in Halki measuring 3.5 Richter was published in NewsIT.","Terrae motus in Halki mensurae 3.5 Richter. Magnitudo 3.5 terrae motus die Mercurii (15.07.2026) in Halki occurrit. Iuxta solutionem Geodynamicae Instituti recognitam, terrae motus factus est 21:29 et... 
Articulus terrae motus in Halki mensurae 3.5 Richter in NewsIT divulgatus est.",https://www.newsit.gr/ellada/seismos-stin-xalki-megethous-3-5-rixter/4729421/,https://www.newsit.gr/wp-content/uploads/2026/07/seismos-3-8-richter-chalkis-2026-07-15-21-29-1200x630.jpg,,,,2026-07-23 21:45:09+00:00,random,,,
738eb4ad5d7117502bff84a4a2e6e13c,2026-07-10T13:10:31Z,Heat Wave,κύμα καύσωνα,www.skai.gr,el,0.9,"Neue Hitzewelle in Italien. Eine neue Hitzewelle trifft Italien und Sardinien mit Temperaturen von bis zu 42 °C und mehreren Bränden in abgelegenen Gebieten. Meteorologen sagen eine Dauer bis Ende Juli voraus, wobei der Katastrophenschutz in Alarmbereitschaft ist.",Νέο κύμα καύσωνα στην Ιταλία,"Νέο κύμα καύσωνα πλήττει Ιταλία και Σαρδηνία, με θερμοκρασίες έως 42°C και αρκετές πυρκαγιές σε απομακρυσμένες περιοχές. Οι μετεωρολόγοι προβλέπουν διάρκεια μέχρι τα τέλη Ιουλίου, με την Πολιτική Προστασία σε επιφυλακή.","New heat wave in Italy. A new heat wave is hitting Italy and Sardinia, with temperatures up to 42°C and several fires in remote areas. Forecasters predict a duration until the end of July, with Civil Protection on alert.","Novus aestus in Italia agitatur. Novus fluctus aestus Italiam et Sardiniam percutit, cum temperaturis usque ad 42°C et in locis remotis pluribus ignibus. Vates praenuntiant durationem usque ad finem mensis Iulii, cum tutela civili intenti sunt.",https://www.skai.gr/news/world/neo-kyma-kaysona-stin-italia,https://cdn.skai.gr/sites/default/files/styles/article_16_9/public/feedelio/9d55bd253b8592f96dd8bb063f18fc19-77659973-302.jpg?itok=IdZZVvKA,,".  112 
O , . . 
. , . 42 , . , .
, , , . , . 2003.
( , ) , . , , , , .
- - . , ( ) . , , .
« , , », . , , , , , .
 .Skai.gr Google News .
© 2026 skai.gr - All Rights Reserved",,2026-07-24 10:49:43+00:00,random,,,
a56d7c71b0648058605947b86248edce,2026-07-09T13:47:06Z,Precipitation,βροχή ελλάδα,www.protothema.gr,el,0.7,"Sommersturm in Attika: Die Regenschirme sind wieder draußen, wann werden die Phänomene nachlassen? Ein kleiner Hauch frischer Luft nach den hohen Temperaturen der letzten Tage, die die Atmosphäre drückend machten | Wetter | Regen | Griechenland","Καλοκαιρινή μπόρα στην Αττική: Βγήκαν οι ομπρέλες ξανά, πότε θα υποχωρήσουν τα φαινόμενα",Μια μικρή ανάσα δροσιάς μετά από τις υψηλές θερμοκρασίες των τελευταίων ημερών που είχαν κάνει την ατμόσφαιρα αποπνικτική | Καιρός | Βροχή | Ελλάδα,"Summer storm in Attica: The umbrellas are out again, when will the phenomena subside. A little breath of fresh air after the high temperatures of the last few days that had made the atmosphere stifling | Weather | Rain | Greece","Tempestas aestiva in Attica: Umbellae iterum exeunt, quando phaenomena conquiescant. Aliquanto halitus aeris recentis post temperaturas proximorum dierum qui atmosphaeram obducunt | Tempestas | Pluvia | Graecia",https://www.protothema.gr/greece/article/1848251/kalokairini-bora-stin-attiki-vgikan-oi-obreles-xana-pote-tha-upohorisoun-ta-fainomena/,https://www.protothema.gr/images/640x360share/jpg/files/2026-07-09/maketa-broxi-kalokairi.jpg,,"(09/07) . , . 
, , . , , , , , . , , .
10 2026, , . . 5 ., , . . , .
15 29 , 17 34, 21 35, 18 32, 20 35, 15 33, 19 33, 18 33, 20 32, 18 33 .
3 5 2 4 . 2 4 .. 3 . 25 33 .
. 2 4 . 23 34 .",,2026-07-24 14:27:09+00:00,wmo,Greece,MED,Europe
c2a75aab409831e83bfbbd7bedf1896b,2026-07-21T12:26:23Z,Earthquake,σεισμός,www.naftemporiki.gr,el,0.7,"Erdbeben der Stärke 5 erschüttert Südwesten Chinas. Ein Erdbeben der Stärke 5 erschütterte um 19:43 Uhr die südwestchinesische Provinz Yunnan. (14:43 griechischer Zeit) am Dienstag, nach Angaben des China Seismic Network Center.…
Erdbeben der Stärke 5 erschüttert Südwestchina - NAUTHEBOR...",Σεισμός μεγέθους 5 Ρίχτερ έπληξε τη νοτιοδυτική Κίνα,"Σεισμός μεγέθους 5 βαθμών της κλίμακας Ρίχτερ έπληξε την επαρχία Γιουνάν της νοτιοδυτικής Κίνας στις 7:43 μ.μ. (14:43 ώρα Ελλάδος) την Τρίτη, σύμφωνα με το Κέντρο Σεισμικών Δικτύων της Κίνας.…
Σεισμός μεγέθους 5 Ρίχτερ έπληξε τη νοτιοδυτική Κίνα - Η ΝΑΥΤΕΜΠΟΡ…","Magnitude 5 earthquake hits southwestern China. A magnitude 5 earthquake struck southwest China's Yunnan Province at 7:43 p.m. (14:43 Greek time) on Tuesday, according to the China Seismic Network Center.…
Magnitude 5 earthquake hits southwest China - NAUTHEBOR...","Magnitudo 5 terrae motus Sinis meridiem pervenit. Magnitudo 5 terrae motus inter meridiem Sinarum Yunnan Provinciae 7:43 a.m. (14:43 tempus Graecum) die Martis, iuxta Centrum Network Seismic Sinarum.
Magnitudo 5 terrae motus ad meridiem Sinis occidentem pervenit - NAUTHEBOR...",https://www.naftemporiki.gr/kosmos/2140637/seismos-megethoys-5-richter-eplixe-ti-notiodytiki-kina/,https://www.naftemporiki.gr/wp-content/uploads/2026/07/seismos_notiodytiki_kina.jpg,,"5 7:43 .. (14:43 ) , .
 23,19 101,46 , 6 ., .
 , , , Xinhua.
 , Xinhua.",,2026-07-25 07:05:18+00:00,random,,,
b0e7ff7b989886fb9e7657d86bc5a140,2026-07-24T11:21:05Z,Wildfire,πυρκαγιά,www.protothema.gr,el,0.9,"Es brennt jetzt in Ätolo-Akarnanien, 6 Luftfahrzeuge sind im Einsatz. Um es zu löschen, wurden 40 Feuerwehrleute, eine Fußgängergruppe der 6. EMODE, 13 Löschfahrzeuge, 4 Flugzeuge und 2 Hubschrauber mobilisiert | Jetzt feuern – Brände im Gange | Waldbrand | Feuerwehrleute | Griechenland","Φωτιά τώρα στην Αιτωλοακαρνανία, επιχειρούν 6 εναέρια μέσα","Για την κατάσβεσή της κινητοποιήθηκαν 40 πυροσβέστες, μία πεζοπόρα ομάδα της 6ης ΕΜΟΔΕ, 13 πυροσβεστικά οχήματα, 4 αεροσκάφη και 2 ελικόπτερα | Φωτιά τώρα - Πυρκαγιές σε εξέλιξη | Δασική πυρκαγιά | πυροσβέστες | Ελλάδα","Fire now in Etoloakarnania, 6 aerial vehicles are operating. To extinguish it, 40 firefighters, a pedestrian group of the 6th EMODE, 13 fire engines, 4 aircraft and 2 helicopters were mobilized | Fire Now - Fires in Progress | Forest fire | firefighters | Greece","Ignis nunc in Etoloakarnania, 6 vehicula aerea operantur. Ad eam exstinguendam, 40 pugnatores, coetus pedestri VI EMODE, XIII tormenta incendia, IIII aircraft et II helicopterorum, convenerunt | Fire Now - Fires in Progress | Silva ignis | firefighters | Graecia",https://www.protothema.gr/greece/article/1855570/fotia-tora-stin-aitoloakarnania-epiheiroun-6-enaeria-mesa/,https://www.protothema.gr/images/640x360share/jpg/files/2025-07-08/pyrosvestiki1__1_.jpg,,"40 , 6 , 13 , 4 2 .",,2026-07-26 07:22:05+00:00,random,,,
5c15eb13f10299350542221d7656d98f,2026-07-24T17:26:56Z,Wildfire,πυρκαγιά,www.protothema.gr,el,0.9,"Ein Mann, der landwirtschaftliche Arbeiten verrichtete, wurde als Tatverdächtiger bei dem Brand in Avila, Spanien, festgenommen. Gleichzeitig wird gegen einen weiteren Mann wegen desselben Brandes ermittelt, berichtete die spanische Miliz auf der Plattform X| Spanien | Verhaftung | Landmaschinen | Feuer | Welt",Συνελήφθη άνδρας που έκανε αγροτικές εργασίες ως ύποπτος για την πυρκαγιά στην Άβιλα της Ισπανίας,"Παράλληλα, άλλος ένας άνδρας ερευνάται για την ίδια πυρκαγιά, ανέφερε η Ισπανική Πολιτοφυλακή στην πλατφόρμα Χ | Ισπανία | σύλληψη | Αγροτικά μηχανήματα | Πυρκαγιά | Κόσμος","A man who did agricultural work has been arrested as a suspect in the fire in Avila, Spain. At the same time, another man is being investigated for the same fire, the Spanish Militia reported on the platform X| Spain | arrest | Agricultural machinery | Fire | World","Homo, qui opus agriculturae fecit, comprehensus est ut suspicor in Avila Hispaniae igne. Eodem tempore alius in eodem igne quaesitus, Militia Hispanica in suggestu relata X| Hispania | comprehendere | Machinatio agriculturae | ignis | Mundus",https://www.protothema.gr/world/article/1855798/sunelifthi-andras-pou-ekane-agrotikes-ergasies-os-upoptos-gia-tin-purkagia-stin-avila-tis-ispanias/,https://www.protothema.gr/images/640x360share/jpg/files/2026-07-24/ispania_fwties_mk.jpg,,"« » , .ÚLTIMA HORA INCENDIO FORESTAL BURGOHONDODetenida una persona y se investiga a otra como autores del incendio forestal de Burgohondo (Ávila) 
La causa del origen del mismo ha sido una impruden… [+147 chars]",,2026-07-26 07:22:05+00:00,random,,,
41a08c067fb63c8ea5c8d2f976880507,2026-07-24T18:34:48Z,Wildfire,πυρκαγιά,www.protothema.gr,el,0.9,"Schockierende Bilder: Mega-Feuer verbrennt die Region Madrid, „es ist unmöglich zu löschen“. Premierminister Pedro Sanchez besucht morgen die Gegend – Es ist offensichtlich, dass das Feuer seinen Höhepunkt erreicht hat, sagt der Feuerwehrchef | Madrid | Spanien | Brände | Welt","Συγκλονιστικές εικόνες: Mega πυρκαγιά κατακαίει την περιφέρεια της Μαδρίτης, «είναι αδύνατο να σβηστεί»","Αύριο μεταβαίνει στην περιοχή ο πρωθυπουργός Πέδρο Σάντσεθ - Είναι προφανές ότι η φωτιά είναι στο απόγειο της, λέει ο αρηχγός των πυροσβεστικών δυνάμεων | Μαδρίτη | Ισπανία | Φωτιές | Κόσμος","Shocking images: Mega fire burns the Madrid region, ""it is impossible to put out"". Prime Minister Pedro Sanchez is visiting the area tomorrow - It is obvious that the fire is at its peak, says the fire chief | Madrid | Spain | Fires | World","Improbe imagines: Mega ignis regionem Matritiensem incendit ""impossibile est extinguere"". Primus minister Pedro Sanchez cras aream invisit - Patet ignem esse in suo culmine, dicit ignem summum | Madrid | Hispania | Fires | Mundus",https://www.protothema.gr/world/article/1855824/suglonistikes-eikones-mega-purkagia-katakaiei-tin-perifereia-tis-madritis-einai-adunato-na-svistei/,https://www.protothema.gr/images/640x360share/jpg/files/2026-07-24/maketa-ispania-fotia2.jpg,,"« », , .« , , » .
, , « » .Spain late on Thursday declared a national emergency in the Madrid region and in the province of Avila, near the capital, in the wake of several wildfires burning out of c… [+678 chars]",,2026-07-26 07:22:05+00:00,random,,,
3bb773eb748ddc87bb0a807446ddca4d,2026-07-19T06:21:31Z,Earthquake,σεισμός,www.skai.gr,el,0.9,"Erdbeben in Peru: Mindestens 3 Tote, Gebäude eingestürzt. Das peruanische Institut für Geophysik (IGP) schätzte das Erdbeben auf eine Stärke von 5,1 – 11 weitere Menschen wurden verletzt","Σεισμός στο Περού: Τουλάχιστον 3 νεκροί, κατέρρευσαν κτίρια","Το ινστιτούτο γεωφυσικής του Περού (IGP) εκτίμησε ότι ο σεισμός ήταν μεγέθους 5,1 βαθμών - 11 ακόμη άνθρωποι τραυματίστηκαν","Earthquake in Peru: At least 3 dead, buildings collapsed. Peru's Institute of Geophysics (IGP) estimated the earthquake at magnitude 5.1 - 11 more people injured","Terrae motus in Peruvia: Saltem 3 mortuus, aedificia corruerunt. Peru's Institutum Geophysicum (IGP) terrae motum magnitudine 5.1 - 11 plus hominum laesum aestimavit",https://www.skai.gr/news/world/seismos-sto-perou-toulaxiston-3-nekroi-katerreysan-ktiria,https://cdn.skai.gr/sites/default/files/styles/article_16_9/public/feedelio/apperu.jpg?itok=c65N1nFk,,", .
 (IGP) 5,1 , (USGS) 5,5.
 IGP, 21:24 (.. · 05:24 ) 7 , , 24 .
, 17, 11 . .
 , , .
.Skai.gr Google News .
© 2026 skai.gr - All Rights Reserved",,2026-07-26 10:24:48+00:00,random,,,
2fa06a12cc7c3477b6b6791682ba19c9,2026-07-19T06:22:48Z,Earthquake,σεισμός,www.newsit.gr,el,0.9,"Erdbeben der Stärke 5,5 in Peru: Gebäude stürzten ein, 3 Tote. Ein Erdbeben der Stärke 5,5 erschütterte Peru am Samstag (18.07.2026) und tötete drei Menschen, darunter einen 17-Jährigen. Das Erdbeben erschütterte die... 
Der Artikel 5.5 Richter-Erdbeben in Peru: Gebäude stürzten ein, 3 Tote wurden veröffentlicht am...","Σεισμός 5,5 Ρίχτερ στο Περού: Κατέρρευσαν κτίρια, στους 3 οι νεκροί","Σεισμός μεγέθους 5,5 Ρίχτερ έπληξε το Σάββατο (18.07.2026) το Περού, οδηγώντας στον θάνατο 3 ανθρώπους, ανάμεσα σε αυτούς και ένας 17χρονος. Ο σεισμός χτύπησε το ... 
To άρθρο Σεισμός 5,5 Ρίχτερ στο Περού: Κατέρρευσαν κτίρια, στους 3 οι νεκροί δημοσιεύτηκε στ…","5.5 Richter earthquake in Peru: Buildings collapsed, 3 dead. A magnitude 5.5 earthquake struck Peru on Saturday (18.07.2026), killing 3 people, including a 17-year-old. The earthquake hit the... 
The article 5.5 Richter Earthquake in Peru: Buildings collapsed, 3 dead was published on...","5.5 Richter terrae motus in Peruvia: aedificia corruerunt, 3 mortui sunt. Magnitudo 5.5 terrae motus Peruvia die Sabbati (18.07.2026) percussus est, occisis 3 hominibus, incluso 17 annorum. Terraemotus perculit... 
Articulus 5.5 Richter Terraemotus in Peru: Aedificia corruerunt, 3 mortuus in ... publicatus est.",https://www.newsit.gr/kosmos/seismos-5-5-rixter-sto-perou-katerreysan-ktiria-stous-3-oi-nekroi/4731860/,https://www.newsit.gr/wp-content/uploads/2026/07/peru-seismos-twitter-1200x630.jpg,,"5,5 (18.07.2026) , 3 , 17.
 7 , , 24 .
3 , . 11 . .
#TemblorInternacionales, un fuerte temblor de 5.5 ocurrió en Perú con epicentro al sur de Chupaca, el sismo causó varios daños en la ciudad de H… [+649 chars]",,2026-07-26 10:24:48+00:00,random,,,
a72875777eebd4fcec7cfb3193f1437c,2026-07-20T22:14:25Z,Thunderstorm,καταιγίδα ελλάδα,www.protothema.gr,el,0.9,"Schwere Sturmschäden in Drama: Bäume und Masten stürzten, Straßen überschwemmt. Vorausgegangen war eine intensive Blitzaktivität | Drama | Blitz | Baumfall | Griechenland","Σοβαρές ζημιές από καταιγίδα στη Δράμα: Έπεσαν δέντρα και στύλοι, πλημμύρισαν δρόμοι",Είχε προηγηθεί έντονη κεραυνική δραστηριότητα | Δράμα | Κεραυνοί | Πτώση δέντρου | Ελλάδα,"Serious storm damage in Drama: Trees and poles fell, roads flooded. It was preceded by intense lightning activity | Drama | Lightning | Tree Fall | Greece","Tempestas gravis damni in Drama: arbores et vecte ceciderunt, viae inundatae. Praecessit actio fulminis vehementi | Drama | Lightning | Arbor Fall | Graecia",https://www.protothema.gr/greece/article/1853840/sovares-zimies-apo-kataigida-sti-drama-epesan-dedra-kai-stuloi-plimmurisan-dromoi/,https://www.protothema.gr/images/640x360share/jpg/files/2026-07-21/drama_storm.jpg,,"To view this video please enable JavaScript, and consider upgrading to a
 web browser that supports HTML5 video",,2026-07-27 18:14:51+00:00,wmo,Greece,MED,Europe
d6a463e8c5b022fb43dbe15a1b2cf9a1,2026-07-21T08:18:47Z,Drought,ξηρασία,www.protothema.gr,el,0.9,"Die mobile Viehhaltung steht am Scheideweg des Überlebens: Die Klimakrise bedroht 1 Milliarde Tiere auf der ganzen Welt. Dürre, Pocken und verlassene Berge – Theodoris Sdroulias, Vizepräsident des Mobile Livestock Network, spricht über eine Viehwirtschaft in der Krise – Der Plan der FAO, Grasland vor der Dürre zu retten und junge Hirten zu stärken…",Σε σταυροδρόμι επιβίωσης η μετακινούμενη κτηνοτροφία: Η κλιματική κρίση απειλεί 1 δισεκατομμύριο ζώα σε όλο τον πλανήτη,"Ξηρασία, ευλογιά και εγκατάλειψη βουνών - Ο Αντιπρόεδρος του Δικτύου Μετακινούμενων Κτηνοτρόφων Θοδωρής Σδρούλιας μιλά ανοιχτά για μια κτηνοτροφία σε κρίση - Το σχέδιο του FAO για τη διάσωση των βοσκοτόπων από στην ξηρασία και την ενδυνάμωση των νέων κτηνοτρό…","Mobile livestock farming is at a crossroads of survival: The climate crisis threatens 1 billion animals across the planet. Drought, smallpox and mountain abandonment - Mobile Livestock Network Vice President Theodoris Sdroulias speaks out about a livestock industry in crisis - FAO's plan to save grasslands from drought and empower young pastoralists…","Pecora mobilia in triviis superstites sunt: ​​discrimen climatis 1 miliarda animalium per planetam minatur. Siccitas, variolis et montana desertio - Praeses Praeses Theodoris Sdroulias de iumentis in crisi siccitate, variolis et montanis Praeses Network - FAO consilium de siccitate ac potestate iuvenum pastoralistarum servandi.",https://www.protothema.gr/greece/article/1853748/se-staurodromi-epiviosis-i-metakinoumeni-ktinotrofia-i-klimatiki-krisi-apeilei-1-disekatommurio-zoa-se-olo-ton-planiti/,https://www.protothema.gr/images/640x360share/jpg/files/2026-07-20/dsc_0700.jpg,,", , , .
, . , . UNESCO , , . . * :
«2026: , , , , .
 :
 2022 FAO 2026 , 60 , , , 2017, . 19/12/2019, , 134 UNESCO.
 2026, FAO , , .
 , , .. , .
 , , , , .. .
, , , , . , FAO, . Dongyu, , . , … [+140 chars]",,2026-07-28 03:53:35+00:00,random,,,
5f0ea174183dcf8c4597e4e32687d480,2026-07-27T08:30:29Z,Precipitation,καταιγίδα,www.protothema.gr,el,0.9,"Sehen Sie sich den Moment an, in dem ein Gerüst durch die starken Winde des Taifuns Noul in Hongkong zusammenbricht. Der Taifun schwächte sich am Sonntag (26.07.) zu einem tropischen Sturm ab, nachdem er die Südküste Chinas getroffen hatte | Hongkong | Taifun | Gerüst | Welt","Η στιγμή που σκαλωσιά καταρρέει από τους ισχυρούς ανέμους του τυφώνα Noul στο Χονγκ Κονγκ, δείτε βίντεο","Ο τυφώνας εξασθένησε σε τροπική καταιγίδα την Κυριακή (26/7), αφού έπληξε τις νότιες ακτές της Κίνας | Χονγκ Κονγκ | Τυφώνας | σκαλωσια | Κόσμος","The moment scaffolding collapses from the strong winds of Typhoon Noul in Hong Kong, watch video. The typhoon weakened to a tropical storm on Sunday (26/7) after hitting the southern coast of China | Hong Kong | Typhoon | scaffolding | World","Momentum pegmata e validis ventis Typhonis Noul in Hong Kong concidit, vigilate. Typhon in tropicam tempestatem die Dominico (26/7) debilitavit postquam oram meridionalem Sinarum | Hong Kong | Typhoon | pegmata | Mundus",https://www.protothema.gr/world/article/1856561/i-stigmi-pou-skalosia-katarreei-apo-tous-ishurous-anemous-tou-tufona-noul-sto-hong-kong-deite-video/,https://www.protothema.gr/images/640x360share/jpg/files/2026-07-27/maketa-tifonas.jpg,,"Parian Chronicle, SWOT Hospitality, Destination By Hyatt 1 , , .",,2026-07-28 11:03:49+00:00,random,,,
045abec8c80f78f3beaf21a8313a36d1,2026-07-27T10:32:36Z,Tropical Cyclone,τυφώνας,www.alphafreepress.gr,el,0.9,"Hongkong: Taifun Noul hat ein Gerüst an einem Gebäude niedergerissen. Der Taifun Noul hat Hochhausgerüste in Hongkong zum Einsturz gebracht, rund 360 Flüge wurden gestrichen und es gab keine Berichte über Verletzte.",Χονγκ Κονγκ: Ο τυφώνας Noul έριξε σκαλωσιά σε κτίριο,"Ο τυφώνας Noul ξήλωσε πολυώροφη σκαλωσιά στο Χονγκ Κονγκ, με περίπου 360 ακυρώσεις πτήσεων και χωρίς αναφορές από τις Αρχές για τραυματισμούς.","Hong Kong: Typhoon Noul knocked down scaffolding on a building. Typhoon Noul uprooted high-rise scaffolding in Hong Kong, with about 360 flight cancellations and no reports of injuries.","Hong Kong: Typhoon Noul addicitur pegma in aedificium. Typhoon Noul in Hong Kong pegmata alta oritur, cum fere 360 ​​fugae cancellationibus et nullis iniuriis relationibus.",https://www.alphafreepress.gr/2026/07/27/kosmos/hong-kong-tyfonas-noul-erixe-skalosia-se-ktirio/,https://www.alphafreepress.gr/wp-content/uploads/2026/04/kina.jpg,,"Noul, . Cheung Sha Wan , , . , 16:00 25 . . Noul , 9, . . 350 , . . , 21 , .
 , 110 . 2026. 700.000 , . . , Noul . , , . , , , .",,2026-07-28 11:03:49+00:00,random,,,
be9342c38407dac05bb8c30e91771430,2026-07-22T17:22:50Z,Thunderstorm,χαλάζι ελλάδα,www.protothema.gr,el,0.9,"Das Wetter spielte in Larissa verrückt: Feuer in einem Dorf, Schneesturm und Hagelsturm in einem anderen, siehe Video. Umstürzender Baum vor Achillio – Die Feuerwehr ist in Alarmbereitschaft Larisa | Wetter | Feuer | Hagel | Griechenland","Ο καιρός τρελάθηκε στη Λάρισα: Φωτιά στο ένα χωριό, μπουρίνι και χαλαζόπτωση σε άλλο, δείτε βίντεο",Πτώση δέντρου έξω από το Αχίλλιο - Σε επιφυλακή η Πυροσβεστική | Λάρισα | Καιρός | Φωτιά | Χαλάζι | Ελλάδα,"The weather went crazy in Larissa: Fire in one village, snowstorm and hailstorm in another, see video. Falling tree outside Achillio - The Fire Department is on alert Larisa | Weather | Fire | Hail | Greece","Tempestas insanit in Larissa: Ignis in uno vico, in alio nivis et grandinis, vide video. Arbor cadens extra Achillio - Incendia Department est erecti Larisae | Tempestas | ignis | Ave | Graecia",https://www.protothema.gr/greece/article/1854770/o-kairos-trelathike-stin-larisa-fotia-sto-ena-horio-bourini-kai-halazoptosi-se-allo-deite-video/,https://www.protothema.gr/images/640x360share/jpg/files/2026-07-22/vroxi-larisa-xr.jpg,,", , 17 19 Plastic Free Greece, , .",,2026-07-28 15:07:09+00:00,wmo,Greece,MED,Europe
3c8b5eb947f5cd6fe25e6a63163a7e8f,2026-07-17T04:27:28Z,Precipitation,καταιγίδα,www.skai.gr,el,0.9,"Schwerer Sturm in Chile: Mindestens 3 Tote und Dutzende Betroffene - Video ansehen. Gestern gab die Regierung bekannt, dass rund 500.000 Menschen ohne Strom seien, hauptsächlich weil Bäume auf Stromleitungen fielen.",Σφοδρή καταιγίδα στη Χιλή: Τουλάχιστον 3 νεκροί και δεκάδες πληγέντες - Δείτε βίντεο,"Νωρίτερα χθες η κυβέρνηση ανακοίνωσε πως περίπου 500.000 άνθρωποι έμειναν χωρίς ρεύμα, κατά κύριο λόγο εξαιτίας πτώσεων δέντρων σε ηλεκτροφόρα καλώδια","Severe storm in Chile: At least 3 dead and dozens affected - Watch video. Earlier yesterday the government announced that around 500,000 people were without power, mainly due to trees falling on power lines.","Tempestas gravis in Chile: Saltem 3 mortui et justo affecti sunt - Watch video. Ante hesterno die imperium nuntiavit circiter 500,000 hominum sine potestate esse, maxime propter arbores in lineas potentiarum cadentium.",https://www.skai.gr/news/world/xili-entoni-kataigida-kai-vroxoptoseis-sti-xora-3-nekroi-kai-polloi-pligentes,https://cdn.skai.gr/sites/default/files/styles/article_16_9/public/2026-07/x_xili_kataigides.jpg?itok=VAW265_F,,", , , , 76 , . « ».Un trabajador murió tras la caída de un árbol y más de medio millón de personas se quedaron sin luz el jueves en Chile en medio de un temporal de intensas lluvias, marejadas y vien… [+236 chars]",,2026-07-28 18:04:59+00:00,random,,,
4dd289639e4b4345397ce9427dc11397,2026-07-18T16:59:26Z,Storm,καταιγίδα,www.protothema.gr,el,0.9,"Weltmeisterschaft 2026: Spaniens letztes Training wurde wegen eines Sturms abgesagt, Argentiniens wurde verschoben. Die Spanier kehrten, während sie auf dem Spielfeld waren, endlich in die Turnhalle zurück – Im Gegenteil, die argentinischen Fußballer trainierten normal, wenn auch mit Verzögerung | Fußballweltmeisterschaft | Spanische Nationalmannschaft | Sturm | New Jersey | Argentinische Nationalmannschaft...","Μουντιάλ 2026: Ακυρώθηκε η τελευταία προπόνηση της Ισπανίας λόγω καταιγίδας, με καθυστέρηση πραγματοποιήθηκε αυτή της Αργεντινής","Οι Ισπανοί ενώ είχαν βγει στο γήπεδο, τελικά επέστρεψαν στο γυμναστήριο - Αντιθέτως οι ποδοσφαιριστές της Αργεντινής έστω και με καθυστέρηση, προπονήθηκαν κανονικά | Παγκόσμιο Κύπελλο Ποδοσφαίρου | Εθνική Ισπανίας | Καταιγίδα | Νιου Τζέρσεϊ | Εθνική Αργεντινή…","World Cup 2026: Spain's last practice was canceled due to a storm, Argentina's was delayed. The Spaniards, while they were out on the field, finally returned to the gym - On the contrary, the Argentine footballers trained normally, albeit with a delay | Soccer World Cup | Spain national team | Storm | New Jersey | Argentina national team...","World Cup 2026: Ultima praxis Hispaniae propter tempestatem remissa est, mora Argentinae. Hispani, dum in campo erant, tandem ad gymnasium redierunt - Contra, Argentini footballers consueverunt, licet mora | Morbi World Cup | Spain national team | Storm | New Jersey | Argentina turma nationalis...",https://www.protothema.gr/sports/article/1852982/moudial-2026-akurothike-i-teleutaia-proponisi-tis-ispanias-logo-kataigidas-me-kathusterisi-auti-tis-argedinis/,https://www.protothema.gr/images/640x360share/jpg/files/2026-07-18/spainlasttraining.jpg,,"(19/7, 22:00) .  2026         . ; . ( ) , 30 , 30 .
España cancela por tormenta eléctrica el entrenamiento previo a la final; Argentina ha decidido esperar media hora a que amaine y SÍ va a entrenar… [+500 chars]",,2026-07-28 18:04:59+00:00,random,,,
2ebb16850435b4556f3a7d10f5db269b,2026-07-21T17:15:31Z,Precipitation,καταιγίδα,www.skai.gr,el,0.9,Der Tropensturm Bertha bedroht den Süden der USA. Ein tropischer Sturm namens Bertha verstärkt sich heute im Golf von Mexiko und bedroht die amerikanischen Bundesstaaten im Süden der USA mit orkanartigen Winden und Überschwemmungen an der Küste.,Η τροπική καταιγίδα «Μπέρτα» απειλεί το νότιο τμήμα των ΗΠΑ,"Μια τροπική καταιγίδα, που ονομάστηκε Μπέρτα (Bertha)ενισχύεται σήμερα στον Κόλπο του Μεξικού και απειλεί αμερικανικές πολιτείες, στις νότιες ΗΠΑ, με θυελλώδεις ανέμους και πλημμύρες στις παράκτιες περιοχές.",Tropical Storm Bertha threatens the southern US. A tropical storm named Bertha is strengthening today in the Gulf of Mexico and is threatening American states in the southern US with gale-force winds and coastal flooding.,Tropical Bertha minatur meridionali US. Tempestas tropica nomine Bertha hodie in Sinu Mexici confirmat et in Civitates Americae meridionales imminet cum ventis et vi maris inundationibus.,https://www.skai.gr/news/weather/ipa-tropiki-kataigida-apeilei-to-notio-tmima,https://cdn.skai.gr/sites/default/files/styles/article_16_9/public/ap24299295404396-tropiki-kataigida.jpg?itok=efVT8v5Z,,", (Bertha) , , .
 115 , , , 97 , (NHC).
 , , , « », NHC.
.Skai.gr Google News .
© 2026 skai.gr - All Rights Reserved",,2026-07-28 18:04:59+00:00,random,,,
ff7bf1cc520a78ebcb364c2dfa40498d,2026-07-21T17:30:09Z,Precipitation,καταιγίδα,www.naftemporiki.gr,el,0.9,"Tropensturm Berta bedroht den Süden der USA – Alarm im Golf von Mexiko. Ein tropischer Sturm namens Bertha verstärkt sich heute im Golf von Mexiko und bedroht die amerikanischen Bundesstaaten im Süden der USA mit orkanartigen Winden und Überschwemmungen an der Küste.
Der Sturm war…
Tropensturm Bertha...",Η τροπική καταιγίδα «Μπέρτα» απειλεί τις νότιες ΗΠΑ — Συναγερμός στον Κόλπο του Μεξικού,"Μια τροπική καταιγίδα, που ονομάστηκε Μπέρτα (Bertha)ενισχύεται σήμερα στον Κόλπο του Μεξικού και απειλεί αμερικανικές πολιτείες, στις νότιες ΗΠΑ, με θυελλώδεις ανέμους και πλημμύρες στις παράκτιες περιοχές.
Η καταιγίδα βρισκόταν…
Η τροπική καταιγίδα «Μπέρτα»…","Tropical Storm Berta Threatens Southern US — Gulf of Mexico Alert. A tropical storm named Bertha is strengthening today in the Gulf of Mexico and is threatening American states in the southern US with gale-force winds and coastal flooding.
The storm was…
Tropical Storm Bertha...","Tropical Berta minatur Southern US — Sinus Mexicani erecti. Tempestas tropica nomine Bertha hodie in Sinu Mexici confirmat et in Civitates Americae meridionales imminet cum ventis et vi maris inundationibus.
Tempestas erat…
Tropical Bertha.",https://www.naftemporiki.gr/kosmos/2140789/i-tropiki-kataigida-mperta-apeilei-tis-noties-ipa-synagermos-ston-kolpo-toy-mexikoy/,https://www.naftemporiki.gr/wp-content/uploads/2017/05/1134326.jpeg,,", (Bertha) , , .
 115 , , , 97 , (NHC).
 , , , « », NHC.",,2026-07-28 18:04:59+00:00,random,,,
6ce33f66feee045c65e4babbf736c63d,2026-07-19T06:55:37Z,Thunderstorm,καταιγίδα,www.newsit.gr,el,0.9,"Mailand: Bad Bunny-Konzert wegen Sturm abgesagt – Zuschauer durch golfballgroßen Hagel verletzt. Dutzende junge Menschen wurden am Samstagabend (18.07.2026) in Mailand während des Konzerts von Bad Bunny im La Maura durch schweren Hagel verletzt. Die ... 
Der Artikel Mailand: Bad Bunnys Konzert wurde wegen Sturm abgesagt – Zuschauer wurden verletzt...",Μιλάνο: Ακυρώθηκε η συναυλία του Bad Bunny λόγω καταιγίδας – Θεατές τραυματίστηκαν από χαλάζι σε μέγεθος μπάλας του γκολφ,"Δεκάδες νεαροί τραυματίστηκαν από σφοδρή χαλαζόπτωση στο Μιλάνο, κατά τη διάρκεια της συναυλίας του Bad Bunny στο La Maura, το βράδυ του Σαββάτου (18.07.2026). Το ... 
To άρθρο Μιλάνο: Ακυρώθηκε η συναυλία του Bad Bunny λόγω καταιγίδας – Θεατές τραυματίστηκαν…","Milan: Bad Bunny concert canceled due to storm – Spectators injured by golf ball sized hail. Dozens of young people were injured by heavy hail in Milan during Bad Bunny's concert at La Maura on Saturday night (18.07.2026). The ... 
The article Milan: Bad Bunny's concert was canceled due to a storm - Spectators were injured...","Mediolanum: Malum Bunny concentus propter tempestatem cassatur – Spectatores pilae pilae mediocri laesi grandine. Dozens iuvenum gravi grandine laesus Mediolani in concentu Mali Bunny apud La Maura nocte Sabbati (18.07.2026). In... 
Articulus Mediolanensis: Concentus Bad Bunny ob tempestatem cassatus est - Spectatores laesi sunt ...",https://www.newsit.gr/kosmos/milano-akyrothike-i-synaylia-tou-bad-bunny-logo-kataigidas-theates-traymatistikan-apo-xalazi-se-megethos-mpalas-tou-gkolf/4731873/,https://www.newsit.gr/wp-content/uploads/2026/07/bad-bunny-sunavlia-milano-r-1200x630.jpg,,", Bad Bunny La Maura, (18.07.2026). show .
 80.000 La Maura Bad Bunny. 7 . , .
@andreea1lea Bad bunny concert 18 July #badbunny#concert#milano#dtmf original sound – Andreea 
Suspenden la segunda y… [+1130 chars]",,2026-07-29 14:59:20+00:00,random,,,
ebc7d55d1b5cb7e8c56918c25922830a,2026-07-19T07:26:28Z,Thunderstorm,χαλαζόπτωση,www.protothema.gr,el,0.9,"Bad Bunny-Konzert in Mailand nach Hagelsturm abgesagt: Zuschauer rannten in Deckung, Video ansehen. Große Unterbrechung der Live-Übertragung am Samstag, 18. Juli – Es ist noch nicht bekannt, ob sie an einem neuen Datum stattfinden wird | Böser Hase | Hagel | Hagel | Konzert | Mailand | Gala","Ακυρώθηκε η συναυλία του Bad Bunny στο Μιλάνο μετά από χαλαζόπτωση: Οι θεατές έτρεχαν για να προστατευτούν, δείτε βίντεο",Μεγάλη αναστάτωση στο live του Σαββάτου 18 Ιουλίου - Δεν έχει γίνει ακόμα γνωστό εάν αν θα πραγματοποιηθεί σε νέα ημερομηνία | Bad Bunny | Χαλαζόπτωση | Χαλάζι | Συναυλία | Μιλάνο | Gala,"Bad Bunny's concert in Milan canceled after hailstorm: Spectators ran for cover, watch video. Major disruption to Saturday 18th July live - Not yet known if it will take place on a new date | Bad Bunny | Hailfall | Hail | Concert | Milan | Gala","Concentus Bad Bunny in Mediolano post grandinem cassatur: Spectatores pro tegumento cucurrerunt, vide video. Maior perturbatio ad Sabbati 18 mensis Iulii inhabitat - Notum tamen si fiet in novo die | Bad Bunny | Hailfall | Ave | Concent | Milan | Gala",https://www.protothema.gr/life-style/article/1853130/akurothike-i-sunaulia-tou-bad-bunny-sto-milano-meta-apo-halazoptosi-oi-theates-etrehan-gia-na-prostateutoun-deite-video/,https://www.protothema.gr/images/640x360share/2/jpg/files/2026-07-19/bad-bunny-milano.jpg,,"AVISO Fuerte temporal obliga a suspender y evacuar el concierto de Bad Bunny en Milán, Italia 
Un fuerte temporal de lluvia y granizo obligó a evacuar a 80,000 personas del segundo y último conciert… [+135 chars]",,2026-07-29 14:59:20+00:00,random,,,
aae13b098ce7f8a53227dd8c118a5999,2026-07-23T06:34:03Z,Thunderstorm,χαλάζι,www.newsit.gr,el,0.9,"Alexandroupolis: Hagel und starke Winde fegten über das Gebiet – Tausende Hektar Ernte wurden beschädigt. Nach der Hitzewelle, die unser Land in den letzten Tagen heimgesucht hat, kam es am Mittwoch (22.07.2026) in mehreren Gebieten zu starken Winden, Hagel und Regen, die zu ... 
Der Artikel Alexandroupoli: Hagel und starke Winde fegten über das Gebiet – Schäden an...",Αλεξανδρούπολη: Χαλάζι και ισχυροί άνεμοι σάρωσαν την περιοχή – Ζημιές σε χιλιάδες στρέμματα καλλιεργειών,"Μετά το κύμα καύσωνα που έπληξε την χώρα μας τις τελευταίες ημέρες, ισχυροί άνεμοι, χαλάζι και βροχές εκδηλώθηκαν σε αρκετές περιοχές την Τετάρτη (22.07.2026) προκαλώντας ... 
To άρθρο Αλεξανδρούπολη: Χαλάζι και ισχυροί άνεμοι σάρωσαν την περιοχή – Ζημιές σε …","Alexandroupolis: Hail and strong winds swept the area - Damage to thousands of acres of crops. After the heat wave that hit our country in the last few days, strong winds, hail and rain occurred in several areas on Wednesday (22.07.2026) causing ... 
The article Alexandroupoli: Hail and strong winds swept the area - Damage to...","ALEXANDROPOLIS: Ave et validis ventis aream trahebat - Damnum in mille iugera sata. Post aestus fluctum qui patriam nostram in his proximis diebus feriunt, venti validi, grando et pluvia in pluribus locis facta die Mercurii (22.07.2026) causant... 
Articulus Alexandroupoli: Ave et validi venti aream trahebant - Damno...",https://www.newsit.gr/ellada/aleksandroupoli-xalazi-kai-isxyroi-anemoi-sarosan-tin-perioxi-zimies-se-xiliades-stremmata-kalliergeion/4735001/,https://www.newsit.gr/wp-content/uploads/2026/07/xalazi-alexandroupoli-1200x630.jpg,,"09:34
23 2026",,2026-07-29 14:59:20+00:00,random,,,
4513101ea80c830117e0fd990287952e,2026-07-24T14:33:47Z,Thunderstorm,χαλάζι,www.newsit.gr,el,0.9,"Schlechtes Wetter trifft das Land: Winde rissen Dächer in Makrakomi, Überschwemmungen in Lamia – Tornado verursachte Schäden in Chalkidiki. Der Schlechtwetterexpress, der das Land mit Stürmen, Regenfällen und Hagel überzieht, ist im Gange. In Fthiotida, Chalkidiki Grevena und Zakynthos wurden bereits Probleme registriert, während ... 
Der Artikel Schlechtes Wetter trifft das Land: Winde rissen Dächer in Makrakomi, Überschwemmungen in La...","Κακοκαιρία χτυπά την χώρα: Άνεμοι ξήλωσαν στέγη στη Μακρακώμη, πλημμύρες στη Λαμία – Ανεμοστρόβιλος προκάλεσε ζημιές στη Χαλκιδική","Σε εξέλιξη η κακοκαιρία express που σαρώνει την χώρα με καταιγίδες, βροχές και χαλάζι. Προβλήματα έχουν ήδη καταγραφεί σε Φθιώτιδα, Χαλκιδική Γρεβενά και Ζάκυνθο ενώ ... 
To άρθρο Κακοκαιρία χτυπά την χώρα: Άνεμοι ξήλωσαν στέγη στη Μακρακώμη, πλημμύρες στη Λα…","Bad weather hits the country: Winds tore off roofs in Makrakomi, floods in Lamia - Tornado caused damage in Halkidiki. The bad weather express that sweeps the country with storms, rains and hail is in progress. Problems have already been recorded in Fthiotida, Halkidiki Grevena and Zakynthos while ... 
The article Bad weather hits the country: Winds tore off roofs in Makrakomi, floods in La...","Tempestas patriam ferit: Venti tecta in Makrakomi deripuerunt, inundationes in Lamia - Turbo damnum in Halkidiki attulerunt. Tempestates malas exprimunt quae patriam cum procellis rapit, imbres et grandines in cursu. Problemata iam in Fthiotida, Halkidiki Grevena et Zakyntho scripta sunt, dum . 
Articulus Tempestatibus regionem ferit: Venti tecta sunt in Makrakomi, inundationes in La...",https://www.newsit.gr/ellada/kakokairia-xtypa-tin-xora-anemoi-ksilosan-stegi-sti-makrakomi-plimmyres-sti-lamia-anemostrovilos-prokalese-zimies-sti-xalkidiki/4736310/,https://www.newsit.gr/wp-content/uploads/2026/07/makrakomi-kakokairia-1200x630.jpg,,"express , . , .
 . , . , 100 , .
 , .
@lamiareport.gr - !  #news#lamia#wind#cars – LamiaReport.gr
.
, – .
«» .
.
, .
, .
 65 , .
 .
 beach bar 
, 3 , .
 , , beach bar, .
,  .
 112 
 … [+650 chars]",,2026-07-29 14:59:20+00:00,random,,,
1ec8099e86a9cb30ee39ef7e8d43ec18,2026-07-23T14:08:26Z,Tropical Cyclone,τυφώνας,www.alphafreepress.gr,el,0.9,"Ein Tornado in China hat ein Auto in die Luft geschleudert. Ein Tornado in China hob ein Auto auf einer Autobahn in Zhejiang an, während Taifun Bavi zu Evakuierungen und Flugausfällen führte.",Ανεμοστρόβιλος στην Κίνα σήκωσε αυτοκίνητο στον αέρα,"Ανεμοστρόβιλος στην Κίνα σήκωσε αυτοκίνητο σε αυτοκινητόδρομο της Τζετζιάνγκ, ενώ ο τυφώνας Bavi προκάλεσε εκκενώσεις και ακυρώσεις πτήσεων.","A tornado in China lifted a car into the air. A tornado in China lifted a car on a Zhejiang highway, while Typhoon Bavi caused evacuations and flight cancellations.","Pollucis in Sinis raedam in aerem sustulit. Turbo in Sinis raedam in Zhejiang via sustulit, cum Typhoon Bavi evacuationes et cancellationes fugae effecit.",https://www.alphafreepress.gr/2026/07/23/kosmos/anemostrovilos-stin-kina-sikose-aftokinito-ston-aera/,https://www.alphafreepress.gr/wp-content/uploads/2026/07/anemostrovilos.webp,,". , , .
 , Bavi. , . , , .
 . , . 2,2 , , .
 , 290.000 , 180.000 . , 1.300 . , 600 .
 , . , 134 . 29.000 , .
A tornado sent a car airborne in Haining, Zhejiang Province in China on Sunday…. pic.… [+63 chars]",,2026-07-29 17:57:26+00:00,random,,,
e7c74cc297024f475712bdea4c1e59f7,2026-07-05T13:30:35Z,Drought,ξηρασία,www.skai.gr,el,0.9,"Südeuropa: Flammenbekämpfung in Frankreich, Spanien, Portugal. In Südeuropa hat eine frühe Waldbrandsaison begonnen, begünstigt durch Dürre und eine neue Hitzewelle – größtenteils verursacht durch menschliche Aktivitäten","Νότια Ευρώπη: Μάχη με τις φλόγες σε Γαλλία, Ισπανία, Πορτογαλία","Μια πρώιμη περίοδος πυρκαγιών ξεκίνησε στη νότια Ευρώπη, ευνοημένη από την ξηρασία και το νέο κύμα ζέστης - Οι περισσότερες οφείλονται σε ανθρώπινη δραστηριότητα","Southern Europe: Fighting flames in France, Spain, Portugal. An early fire season has begun in southern Europe, favored by drought and new heat wave - Most caused by human activity","Europa australis: Pugnae flammae in Gallia, Hispania, Portugallia. Ignis matutinus tempus in Europa australi incohavit, siccitate et novo aestu fluctuante - Pleraque humanorum actuum causata est",https://www.skai.gr/news/world/notia-eyropi-maxi-me-tis-floges-se-gallia-ispania-portogalia,https://cdn.skai.gr/sites/default/files/styles/article_16_9/public/2026-07/portogalia_fotia_ape4.jpg?itok=XU6iUN3t,,"13.000 , : , .
 , (), 13.500 , , .
« , . , », , .
« 22.30 , . 01.00 . , », , 30 , .
 , , , .
 700 , .
 , , 40 , .
 , , , «» « ».
, , .
 , , , 22.000 . «» , .
, , « ».
 , 10 , , 20 , .
 «»… [+55 chars]",,2026-07-29 21:40:02+00:00,random,,,
46ad41a9facbca81112d54d3fcda5c6a,2026-07-05T13:33:00Z,Drought,ξηρασία,www.protothema.gr,el,0.9,"Großbrände in Frankreich, Spanien und Portugal: Zehntausende Hektar brannten. Starke Winde und Trockenheit nach den starken Hitzewellen der letzten Wochen erschweren den Umgang mit Fronten | Waldbrände | Frankreich | Portugal | Spanien | Welt","Μεγάλες πυρκαγιές στη Γαλλία, την Ισπανία και την Πορτογαλία: Δεκάδες χιλιάδες τα καμένα στρέμματα",Οι ισχυροί άνεμοι και η ξηρασία μετά τους ισχυρούς καύσωνες των τελευταίων εβδομάδων κάνουν την αντιμετώπιση των μετώπων δύσκολη | Δασικές πυρκαγιές | Γαλλία | Πορτογαλία | Ισπανία | Κόσμος,"Large fires in France, Spain and Portugal: Tens of thousands of hectares burned. Strong winds and dryness following the intense heatwaves of recent weeks make dealing with fronts difficult | Forest fires | France | Portugal | Spain | World","Ingentes ignes in Gallia, Hispania et Portugallia: Decem milia hectarum combusta sunt. Ventos fortes et siccitates sequentes hebdomades intensissimos aestuum recentium hebdomadum in frontibus difficilibus tractantes | Forest ignes | France | Portugal | Hispania | Mundus",https://www.protothema.gr/world/article/1845940/megales-purkagies-sti-gallia-tin-ispania-kai-tin-portogalia-hiliades-ta-kamena-stremmata/,https://www.protothema.gr/images/640x360share/jpg/files/2026-07-05/wildfire_portugal.jpg,,"13.000 , ., , , 13.500   , , .
.« 22.30 , . 01.00 . , », .
, , , .
700 , ., , 40 , .
, , , , , « ».
, , ., , , 22.000 . , .
, , « ».
, 10 , , 20 , .",,2026-07-29 21:40:02+00:00,random,,,
45c6be63a3acb4b621bf391ee015bc57,2026-07-06T05:10:00Z,Wildfire,πυρκαγιά,dialogos.com.cy,el,0.9,"Südeuropa ist den Bränden ausgeliefert. In Südfrankreich wütet ein Feuer auf einer Fläche von mehr als 13.000 Hektar, zwei weitere sind in Spanien und Portugal unter Kontrolle. In Südeuropa hat eine frühe Waldbrandsaison begonnen, begünstigt durch Dürre und eine neue Hitzewelle. W...",Στο έλεος των πυρκαγιών η νότια Ευρώπη,"Μια πυρκαγιά έκτασης άνω των 13.000 στρεμμάτων μαίνεται στη νότια Γαλλία, ενώ άλλες δύο βρίσκονται υπό έλεγχο στην Ισπανία και την Πορτογαλία. Μια πρώιμη περίοδος πυρκαγιών έχει ξεκινήσει στη νότια Ευρώπη, ευνοημένη από την ξηρασία και ένα νέο κύμα ζέστης. Στ…","Southern Europe is at the mercy of fires. A fire of more than 13,000 hectares is raging in southern France, while two others are under control in Spain and Portugal. An early fire season has begun in southern Europe, favored by drought and a new heat wave. W...","Europa australis ignibus obnoxia est. Ignis plusquam 13000 hectarum in Gallia meridionali saevit, cum duo alii in Hispania et Portugallia sub potestate sunt. Ignis matutinus tempus in Europa australi inchoavit, siccitate et novo aestu fluctuante. W...",https://dialogos.com.cy/sto-eleos-ton-pyrkagion-i-notia-eyropi/,https://dialogos.com.cy/wp-content/uploads/2026/07/image-49-1024x683.png,,"13.000 , . , .
 , (), 13.500 , , .
« , , . , », , .
« 22:30 (.. ), . 01:00 . , », , 30 , --. , , , .
 700 , . , , , 40 , .
 , Y , , «» « ». , . , .
 , , , 22.000 . «» , , . , , « » .
 , 10 , ,… [+45 chars]",,2026-07-29 21:40:02+00:00,random,,,
b22c1e351e199c1fe6767ce541d7a710,2026-07-14T07:28:16Z,Drought,ξηρασία,www.protothema.gr,el,0.9,"Frankreichs „Geheimwaffe“ gegen die Dürre: So füllt es die Stauseen wieder mit Wasser. Frankreich führt ein innovatives Wasserwiederverwendungsmodell ein, um die Stauseen im Sommer zu vergrößern. Das Beispiel, das Europa im Best of-Netzwerk betrachtet",Το «κρυφό όπλο» της Γαλλίας απέναντι στην ξηρασία: Έτσι γεμίζει ξανά τις δεξαμενές με νερό,Η Γαλλία εφαρμόζει ένα καινοτόμο μοντέλο επαναχρησιμοποίησης νερού για την ενίσχυση των δεξαμενών το καλοκαίρι. Το παράδειγμα που κοιτάζει η Ευρώπη | Best of network,"France's ""secret weapon"" against the drought: This is how it fills the reservoirs with water again. France is implementing an innovative water reuse model to boost reservoirs in the summer. The example that Europe is looking at Best of network","Franciae ""telum secretum"" contra siccitatem: Hoc modo lacus aqua iterum implet. Gallia porttitor aquam reuse exemplar fovet ut receptacula in aestate boost. Exemplum quod Europa inspicit Optimum retis",https://www.protothema.gr/best-of-network/article/1850583/to-krufo-oplo-tis-gallias-apenadi-stin-xirasia-etsi-gemizei-xana-tis-dexamenes-me-nero/,https://www.protothema.gr/images/640x360share/jpg/files/2026-07-14/arthrou-gallia-ksirasia.jpg,,"To view this video please enable JavaScript, and consider upgrading to a
 web browser that supports HTML5 video",,2026-07-29 21:40:02+00:00,random,,,
681af2da7c8e15ab4ace9beba90a70b0,2026-07-15T10:50:23Z,Drought,ξηρασία Γαλλία,www.skai.gr,el,0.9,"Frankreich: Das Land erlebt eine „extreme“ und „sehr besorgniserregende“ Dürre. Die französische Ministerin für ökologischen Wandel, Monique Barbou, sagte, dass es in 99 Regionen des Landes teilweise oder vollständige Beschränkungen der Wassernutzung gebe",Γαλλία: Η χώρα βιώνει μια «εξαιρετική» και «πολύ ανησυχητική» ξηρασία,"Η Γαλλίδα υπουργός Οικολογικής Μετάβασης Μονίκ Μπαρμπού δήλωσε ότι σε 99 περιοχές της χώρας υπάρχουν περιορισμοί χρήσης του νερού, είτε μερικώς είτε πλήρως","France: The country is experiencing an ""extreme"" and ""very worrying"" drought. French Minister of Ecological Transition Monique Barbou said that in 99 regions of the country there are restrictions on the use of water, either partially or completely","Gallia: Patria ""extremum"" et ""molestum"" sitim experitur. Minister Francogallus Transitionis Monique Barbou dixit in 99 regionibus regionis restrictiones esse in usu aquae vel ex parte vel ex toto.",https://www.skai.gr/news/world/krisi-me-to-nero-sti-gallia-eksairetiki-kai-poly-anisyxitiki-i-ksirasia-sti-xora,https://cdn.skai.gr/sites/default/files/styles/article_16_9/public/2026-07/ap_gallia_ksirasia.jpg?itok=pHayt5U2,,"«» « » , , .
 , 99 , , 43 , . « », « , » « », .
« », , « ». « (...), » « », .
 « : , », « ». « 2012», 
 .Skai.gr Google News .",,2026-07-29 21:40:02+00:00,edo,France,WCE,Europe
d56799ad0ab79194a3fbf746f05ebf0f,2026-07-21T18:48:24Z,Wildfire,πυρκαγιά,dialogos.com.cy,el,0.9,"Brände in Spanien und Frankreich, Hagel auf dem Balkan. Feuerwehrleute kämpften heute gegen die Flammen, um Spaniens größten Brand in diesem Jahr unter Kontrolle zu bringen, während zwei Feuerwehrleute bei einem Brand im Südwesten Frankreichs ums Leben kamen, als Europa weiterhin von hohen Temperaturen heimgesucht wurde.","Πυρκαγιές σε Ισπανία, Γαλλία, χαλάζι στα Βαλκάνια","Πυροσβεστικές δυνάμεις δίνουν σήμερα μάχη με τις φλόγες για να θέσουν υπό έλεγχο τη μεγαλύτερη πυρκαγιά για φέτος στην Ισπανία, ενώ δύο πυροσβέστες σκοτώθηκαν σε μια φωτιά στη νοτιοδυτική Γαλλία, καθώς υψηλές θερμοκρασίες συνεχίζουν να πλήττουν την Ευρώπη, με…","Fires in Spain, France, hail in the Balkans. Firefighters battled flames today to bring under control Spain's biggest blaze this year, while two firefighters were killed in a blaze in south-west France as high temperatures continued to hit Europe, with…","Fires in Hispania, Gallia, grando in Balcania. Firefighters hodie flammas pugnaverunt ut maximam flammam Hispaniae hoc anno in dicionem redigerent, cum duo pugnatores igne in Gallia meridiano-occidentali interempti sunt ut altae temperaturae Europam ferire pergerent, cum…",https://dialogos.com.cy/pyrkagies-se-ispania-gallia-chalazi-sta-valkania/,https://dialogos.com.cy/wp-content/uploads/2026/07/801845.jpg,,"© Dialogos Media Group - , , , / , , , , ( ) , , , , , .",,2026-07-29 21:40:02+00:00,random,,,
9f86b6b6178620bf54bdf70351663553,2026-07-24T03:42:55Z,Thunderstorm,χαλάζι,www.newsit.gr,el,0.9,"Wetter: Schweres Unwetter mit Stürmen, Schneestürmen und Hagel – In den roten Code-11-Gebieten steht auch Attika im Mittelpunkt. Der Wetterwechsel wird ab heute, Freitag, rasant sein, mit heftigen Regenfällen und Stürmen, aber auch Graupel und Hagel. Nach einer kleinen Welle... 
Der Artikel Wetter: Schweres Unwetter mit Stürmen, Schneestürmen und Hagel – In roten Code-11-Gebieten, ...","Καιρός: Σφοδρή κακοκαιρία με καταιγίδες, μπουρίνια και χαλάζι – Σε red code 11 περιοχές, στο επίκεντρο και η Αττική","Ραγδαία θα είναι η μεταβολή του καιρού από σήμερα Παρασκευή με ισχυρές βροχές και καταιγίδες, αλλά και μπουρίνια και χαλαζοπτώσεις. Μετά από ένα μικρό κύμα ... 
To άρθρο Καιρός: Σφοδρή κακοκαιρία με καταιγίδες, μπουρίνια και χαλάζι – Σε red code 11 περιοχές, …","Weather: Severe bad weather with storms, blizzards and hail - In red code 11 areas, Attica is also at the center. The change in the weather will be rapid from today, Friday, with heavy rains and storms, but also sleet and hail. After a small wave... 
The article Weather: Severe bad weather with storms, blizzards and hail - In red code 11 areas, ...","Tempestas: Tempestates graves cum procellis, blizzards et grandinibus - In red code 11 areas, Attica quoque in medio stat. Immutatio tempestatum ab hodierno die Veneris cum gravibus imbribus ac procellis erit celeri, sed etiam pruina et grandine. Post parvam undam... 
Articulus Tempestatum: Tempestates graves cum procellis, blizzards et grandinibus - In red code 11 areas, ...",https://www.newsit.gr/ellada/kairos-sfodri-kakokairia-me-kataigides-mpourinia-kai-xalazi-se-red-code-11-perioxes-sto-epikentro-kai-i-attiki/4735813/,https://www.newsit.gr/wp-content/uploads/2026/07/kairos-eurok-3-1200x630.jpg,,", .
 , . , 11 .
 , , , , , .
 , . , .
,.
« 23-07-2026 1100 , .
 24-07-26 25-07-26 . (), , .
 live 
 :
 24-07-26
1. (. , , ) ( ).
2. (. ) ( ), – ( ).
3. ( ) ( ).
4. , , ( ).
5. (. , , ) … [+681 chars]",,2026-07-30 03:47:48+00:00,random,,,
4e6f137539a1a6ab676569fdb5406b2c,2026-07-24T04:06:00Z,Thunderstorm,χαλάζι ελλάδα,www.protothema.gr,el,0.9,"Schlechtes Wetter heute mit Regen, Sturm und Hagel: Die betroffenen Gebiete, wenn sich die Lage verbessert. Die gestern vom EMY herausgegebene Notmeldung zur Verschlechterung des Wetters ist in Kraft – Die Phänomene werden in vielen Gebieten von lokal starken Winden und einer hohen Häufigkeit von Blitzen begleitet sein | Schlechtes Wetter | Regen | Gewitter | Wetter | Wettervorhersage | Griechenland","Κακοκαιρία σήμερα με βροχές, καταιγίδες και χαλάζι: Οι περιοχές που επηρεάζονται, πότε βελτιώνεται το σκηνικό",Σε ισχύ το έκτακτο δελτίο επιδείνωσης του καιρού που εξέδωσε χθες η ΕΜΥ - Τα φαινόμενα σε πολλές περιοχές θα συνοδεύονται από κατά τόπους ισχυρούς ανέμους και μεγάλη συχνότητα κεραυνών | Κακοκαιρία | Βροχές | Καταιγίδες | Καιρός | Πρόγνωση καιρού | Ελλάδα,"Bad weather today with rain, storms and hail: The areas affected, when the scene improves. The emergency bulletin of deterioration of the weather issued yesterday by the EMY is in effect - The phenomena in many areas will be accompanied by locally strong winds and a high frequency of lightning | Bad weather | Rains | Thunderstorms | Weather | Weather Forecast | Greece","Tempestates hodie sunt pluviae, procellae et grandines: Areae afficiuntur, cum scaena melioratur. The subitis bulletin corruptionis tempestatum heri edita ab EMY in effectu est - Phaenomena in multis locis erit cum ventis localibus validis et magna frequentia fulgurum | Bad weather | Pluviae | Procellae | Tempestas | Weather Weather | Graecia",https://www.protothema.gr/greece/article/1855367/kakokairia-simera-me-vrohes-kataigides-kai-halazi-poies-periohes-vriskodai-sto-epikedro-pote-veltionetai-to-skiniko/,https://www.protothema.gr/images/640x360share/jpg/files/2026-07-24/broxes-kairos.jpg,,"(24/7)  . (), , .
 .:
1. (. , , ) ( ).2. (. ) ( ), - ( ).3. ( ) ( ).4. , , ( ).5. (. , , ) ( ).
, . , , , , .
 . 4 6 , 7 .29 30 , 30 32 33 .
: . (. , , ) . .
 : 3 4 4 6 .: 18 29 30 . 3 4 . , , … [+22 chars]",,2026-07-30 07:21:26+00:00,wmo,Greece,MED,Europe
e9a748956f35356733e16dee5fe1385a,2026-07-24T06:18:06Z,Thunderstorm,χαλάζι,www.protothema.gr,el,0.9,"Schlechtes Wetter mit starken Stürmen und Blitzen prognostizierte Chatraphyllia im Protothema für die Gebiete in „Rot“. Giorgos Tsatrafillias warnt vor schwerem und anhaltendem Hagel, orkanartigen Winden und Überschwemmungsgefahr, einer Wetterbesserung ab Samstag und einer Rückkehr des Sommers ab Sonntag | Wetter | Giorgos Tsatrafillias | Griechenland","Κακοκαιρία με ισχυρές καταιγίδες και κεραυνούς, η πρόγνωση Τσατραφύλλια στο protothema για τις περιοχές στο «κόκκινο»","Ο Γιώργος Τσατραφύλλιας προειδοποιεί για έντονα και επίμονα φαινόμενα με χαλάζι, θυελλώδεις ανέμους και κίνδυνο πλημμυρών, βελτίωση του καιρού από το Σάββατο και επιστροφή του καλοκαιριού από την Κυριακή | Καιρός | Γιώργος Τσατραφύλλιας | Ελλάδα","Bad weather with strong storms and lightning, the forecast Chatraphyllia in the protothema for the areas in ""red"". Giorgos Tsatrafillias warns of severe and persistent hail, gale force winds and risk of flooding, weather improving from Saturday and summer returning from Sunday | Weather | Giorgos Tsatrafillias | Greece","Tempestatibus magnis tempestatibus et procellis, praesagio Chatraphyllia in protothema pro locis in ""ruber"". Giorgos Tsatrafillias admonet de grandine vehementi et pertinaci, ventorum vi et periculo inundationis, tempestatem meliorem a Saturni et aestatis reverti a Solis | Tempestas | Giorgos Tsatrafillias | Graecia",https://www.protothema.gr/greece/article/1855371/kakokairia-me-ishures-kataigides-kai-keraunous-i-prognosi-tsatrafullia-gia-tis-periohes-sto-kokkino/,https://www.protothema.gr/images/640x360share/jpg/files/2026-07-24/arthrou-kairos-2407.jpg,,"To view this video please enable JavaScript, and consider upgrading to a
 web browser that supports HTML5 video",,2026-07-30 07:21:26+00:00,random,,,
49c37b149004570bf70d2e746f1c1f50,2026-07-18T02:05:00Z,Heat Wave,καυτή θερμοκρασία,www.newsit.gr,el,0.7,"Wetter heute: Sehr heiß und Temperaturen bis zu 39 Grad. Heute (18.7.2026) wird es größtenteils heiß sein, da die Temperatur laut EMY 39 Grad erreichen wird. Die Winde ... 
Der Artikel Wetter heute: Viel Hitze und Temperaturen bis zu 39 Grad wurde in NewsIT veröffentlicht.",Καιρός σήμερα: Πολλή ζέστη και θερμοκρασίες που φτάνουν τους 39 βαθμούς,"Καυτή θα είναι η σημερινή μέρα (18/7/2026) στο μεγαλύτερο μέρος της, αφού η θερμοκρασία θα αγγίξει τους 39 βαθμούς, σύμφωνα με την ΕΜΥ. Οι άνεμοι ... 
To άρθρο Καιρός σήμερα: Πολλή ζέστη και θερμοκρασίες που φτάνουν τους 39 βαθμούς δημοσιεύτηκε στο NewsIT .","Weather today: Very hot and temperatures reaching 39 degrees. Today (18/7/2026) will be hot for most of it, since the temperature will reach 39 degrees, according to the EMY. The winds ... 
The article Weather today: Lots of heat and temperatures reaching 39 degrees was published in NewsIT.","Tempestas hodie: Calidissimus et temperaturas 39 gradus attingens. Hodie (18/7/2026) maxime ex eo calidum erit, cum temperatura 39 gradus secundum EMY perveniet. Ventorum... 
Articulus Tempestatis hodie: Sortes caloris et calores attingentes 39 gradus in NewsIT divulgatum est.",https://www.newsit.gr/ellada/kairos-simera-polli-zesti-kai-thermokrasies-pou-ftanoun-tous-39-vathmous/4730935/,https://www.newsit.gr/wp-content/uploads/2026/07/kairos1-1200x630.jpg,,"05:05
18 2026
newsit.gr Google
(18/7/2026) , 39 , . 7 .
 , – , .
 3 5 6 7 , .
 . 32 , 34 36, 37 38 39 ,
: .
: 3 4 5 6 , .
: 25 36 37 . 2 3 .
: – , .
: 3 4 .
: 24 34 35 .
– 
: – , .
: 3… [+272 chars]",,2026-07-30 14:56:25+00:00,random,,,
a6dc46708c3b9d6ab56bbda8c9f8cddd,2026-07-29T05:59:57Z,Precipitation,έντονη βροχόπτωση,www.newsit.gr,el,0.9,"Der Kampf von Stefanos Tsitsipas mit Alex De Minor in Washington wurde verschoben. Stefanos Tsitsipas war bereit, sein Debüt bei den Washington Open zu geben, aber das Wetter sah anders aus. Starke Regenfälle führten zu... 
Der Artikel Der Kampf zwischen Stefanos Tsitsipas und Alex De Minor in Washington dem...",Αναβλήθηκε ο αγώνας του Στέφανου Τσιτσιπά με τον Άλεξ Ντε Μινόρ στην Ουάσινγκτον,"Ο Στέφανος Τσιτσιπάς ήταν έτοιμος να κάνει ντεμπούτο στο Open της Ουάσινγκτον, αλλά ο καιρός είχε διαφορετική άποψη. Η έντονη βροχόπτωση είχε ως αποτέλεσμα την ... 
To άρθρο Αναβλήθηκε ο αγώνας του Στέφανου Τσιτσιπά με τον Άλεξ Ντε Μινόρ στην Ουάσινγκτον δημο…","Stefanos Tsitsipas' fight with Alex De Minor in Washington has been postponed. Stefanos Tsitsipas was all set to make his debut at the Washington Open, but the weather had a different view. Heavy rainfall resulted in... 
The article The fight between Stefanos Tsitsipas and Alex De Minor in Washington dem...","Pugna Stefanos Tsitsipas cum Alex De Minor in Washington dilata est. Stefanos Tsitsipas omnes destinatus erat ut debut suum in Open Washington redderet, sed tempestas alium conspectum habuit. Imbribus gravis consecuta est in... 
Articulus Pugna inter Stefanos Tsitsipas et Alex De Minor in Washington dem...",https://www.newsit.gr/athlitika/anavlithike-o-agonas-tou-stefanou-tsitsipa-me-ton-aleks-nte-minor-stin-ouasigkton/4739272/,https://www.newsit.gr/wp-content/uploads/2026/04/tsitsipas-5-1200x630.jpg,,,,2026-07-30 18:04:41+00:00,random,,,
6cce9d5f906d54a1706f1d58efaffd2d,2026-07-06T16:11:12Z,Tropical Cyclone,τυφώνας,www.protothema.gr,el,0.7,"Mindestens zwei Tote und 48.000 Vertriebene durch Überschwemmungen im Süden Chinas, siehe Fotos. Sintflutartige Regenfälle haben dazu geführt, dass der Wasserstand an 66 hydrologischen Überwachungsstationen an 55 Flüssen in Quang Ninh | über die Warnwerte gestiegen ist China | Taifun | Überschwemmungen | Tot | Regen | Welt","Τουλάχιστον δύο νεκροί και 48.000 εκτοπισμένοι από τις πλημμύρες στην νότια Κίνα, δείτε φωτογραφίες",Οι καταρρακτώδεις βροχές προκάλεσαν την άνοδο της στάθμης του νερού πάνω από τα όρια συναγερμού σε 66 υδρολογικούς σταθμούς παρακολούθησης που βρίσκονται σε 55 ποτάμια στο Κουανγκσ | Κίνα | Τυφώνας | Πλημμύρες | Νεκροί | Βροχές | Κόσμος,"At least two dead and 48,000 displaced by floods in southern China, see photos. Torrential rains have caused water levels to rise above warning levels at 66 hydrological monitoring stations located on 55 rivers in Quang Ninh | China | Typhoon | Floods | Dead | Rains | World","Saltem duo mortui et 48000 ab inundationibus in Sinis meridionalibus moti sunt, vide imagines. Imbres torrentes aquae gradus supra monitionem gradus ascendendi causarunt ad 66 stationes hydrological vigilantia 55 flumina in Quang Ninh sita | China | Typhoon | Flumina | Mortuus | Pluviae | Mundus",https://www.protothema.gr/world/article/1846491/toulahiston-duo-nekroi-kai-48000-ektopismenoi-apo-tis-plimmures-stin-notia-kina-deite-fotografies/,https://www.protothema.gr/images/640x360share/jpg/files/2026-07-06/mayzak-xrm.jpg,,"Maysak, (), . 48.000 , , , . , . 
. , , WeChat.800 , , .
66 55 , CCTV. , 637 24 , .
Maysak , , ., 1.372 140 .
:
: Reuters",,2026-07-31 11:13:11+00:00,random,,,
72aa9b89d23be915e001b2c6ce542112,2026-07-10T11:57:00Z,Tropical Cyclone,τυφώνας,www.protothema.gr,el,0.7,"Ein Zoo hat Löwen und Bären in ihren Käfigen eingesperrt, um zu verhindern, dass sie den Überschwemmungen in China entkommen. Drei Löwen ertrunken, mehr als 100 Tiere vermisst – Tierrechtsgruppe nennt Tat „empörend“ | Taifun | China | Zoo | Welt",Ζωολογικός κήπος κλείδωσε λιοντάρια και αρκούδες στα κλουβιά τους για να μην δραπετεύσουν στις πλημμύρες που σάρωσαν την Κίνα,Τρία λιοντάρια πνίγηκαν ενώ περισσότερα από 100 ζώα αγνοούνται -  Η οργάνωση προστασίας των δικαιωμάτων των ζώων χαρακτήρισε «εξωφρενική» την πράξη | Τυφώνας | Κίνα | Ζωολογικός Κήπος | Κόσμος,"A zoo locked lions and bears in their cages to prevent them from escaping in the floods that swept through China. Three lions drowned, more than 100 animals missing - Animal rights group calls act 'outrageous' | Typhoon | China | Zoo | World","Tesserae leonum clausae et ursi in caveis suis prohibent ne in diluviis per Sinas raptis evadant. Tres leones submersi, plusquam 100 animalia desunt - Animal iura coetus vocat actum 'atrox' | Typhoon | China | Zoo | Mundus",https://www.protothema.gr/world/article/1848814/kleidosan-liodaria-kai-arkoudes-sta-klouvia-tous-gia-na-min-drapeteusoun-stis-plimmures-pou-sarosan-tin-kina/,https://www.protothema.gr/images/640x360share/jpg/files/2026-07-10/maketa-guangxi.jpg,,", , «»., -- - , Red Star News . 
100.
« », Red Star News. 2 .
100 , , , , , , .
, Global Times. , .« , , », , PETA , .
«» , « », , .
Reuters . 39 
, , . , Beijing News.39 , . , , .",,2026-07-31 11:13:11+00:00,random,,,
dec8c170eb142894f5dbe89f0fa75ef1,2026-07-09T14:43:13Z,Tropical Cyclone,τυφώνας,www.skai.gr,el,0.9,"Taifun Bavi: Taiwan und Japan sind vor schwerem Einschlag in Alarmbereitschaft. Der starke Taifun nähert sich Nordtaiwan und den japanischen Ryūkyū-Inseln. Die Behörden veranlassen Evakuierungen, Flugannullierungen und Schulschließungen. Sein nächster Stopp ist Ostchina",Τυφώνας Μπάβι: Ταϊβάν και Ιαπωνία σε κατάσταση συναγερμού πριν από το σφοδρό χτύπημα,"Ο πανίσχυρος τυφώνας πλησιάζει τη βόρεια Ταϊβάν και τα νησιά Ριουκίου της Ιαπωνίας, με τις αρχές να προχωρούν σε εκκενώσεις, ακυρώσεις πτήσεων και κλείσιμο σχολείων. Επόμενος σταθμός του η ανατολική Κίνα","Typhoon Bavi: Taiwan and Japan on alert ahead of heavy hit. The powerful typhoon is closing in on northern Taiwan and Japan's Ryukyu Islands, with authorities prompting evacuations, flight cancellations and school closures. His next stop is eastern China","Typhoon Bavi: Taiwan et Iaponia erecti ante hit gravibus gravibus. Typhoon potentissimus claudit in insulis septentrionalibus Taiwan et Ryukyu Iaponiae, cum auctoritatibus evacuationes, fugam cancellations et clausuras scholae impellentibus. Proximum statutum est orientem Sinis",https://www.skai.gr/news/world/tyfonas-mpavi-taivan-kai-iaponia-se-katastasi-synagermou-prin-apo-to-sfodro-xtypima,https://cdn.skai.gr/sites/default/files/styles/article_16_9/public/2026-07/bavi_typhoon.jpg?itok=a3ECafDf,,"(Bavi), .
 , , , .
 (CWA), , , , .
. , .
, 29.000 , .
 , , 1.000 .
 , 
 . , , . , .
 , , , , .
, , .
 , , . , , , , .
, .
 , Maysak, . .
 .Skai.gr Google News .
© 2026 skai.gr - All Rig… [+11 chars]",,2026-07-31 11:13:11+00:00,random,,,
4953cae18a480b74c1da7fa69fcf2ec8,2026-07-20T09:26:06Z,Heat Wave,καύσωνας θεσσαλία,www.newsit.gr,el,0.7,"The country is ""boiling"" from the heat: Difficult two days, focusing on Thessaly, Eastern Sterea and Peloponnese. Das Land befindet sich mitten in einer Hitzewelle mit hohen Temperaturen, die für eine erdrückende Atmosphäre sorgen. Die Hitzewelle wird bis Mittwoch (22.07.2026) andauern ... 
Der Artikel „Das Land kocht“ wegen der Hitze: Schwierige zwei Tage mit Schwerpunkt auf Thessalien, Anatolien...","«Βράζει» η χώρα από τον καύσωνα:  Δύσκολο διήμερο, στο επίκεντρο Θεσσαλία, Ανατολική Στερεά και Πελοπόννησος","Σε κλοιό καύσωνα βρίσκεται η χώρα με τις υψηλές θερμοκρασίες να έχουν δημιουργήσει ένα αποπνικτικό σκηνικό. Ο καύσωνας θα κρατήσει ως και την Τετάρτη (22.07.2026) ... 
To άρθρο «Βράζει» η χώρα από τον καύσωνα:  Δύσκολο διήμερο, στο επίκεντρο Θεσσαλία, Ανατολι…","The country is ""boiling"" from the heat: Difficult two days, focusing on Thessaly, Eastern Sterea and Peloponnese. The country is in the throes of a heatwave with high temperatures creating a suffocating scene. The heat wave will last until Wednesday (22.07.2026) ... 
The article ""The country is boiling"" due to the heat: Difficult two days, focusing on Thessaly, Anatolia...","Regio aestuans ab aestu: Difficilis duobus diebus, in Thessalia, Orientem Sterea et Peloponnesum ponit. Patria est in angore aestuantis cum calidis temperaturis quae scaenam strangulantem creant. Calor fluctus durabit usque ad diem Mercurii (22.07.2026)... 
Articulus ""patria ferventis"" ex calore: Difficilis duobus diebus, in Thessalia, Anatolia...",https://www.newsit.gr/ellada/vrazei-i-xora-apo-ton-kaysona-dyskolo-diimero-sto-epikentro-thessalia-anatoliki-sterea-kai-peloponnisos/4732650/,https://www.newsit.gr/wp-content/uploads/2026/07/zesti-kafsonas-eurok-1200x630.jpg,,".
 (22.07.2026) 42 .  
 , , , 40 . , , , 42 , .
 , 38 . 39 , 40 .
 (23.07.2026) , , , , . , 36 37 , 38 .
41 , 40 . , 3 .
 live 
 , , 32 40 . , .
 , , .
 21-07-2026
 . .
 , .
 .
 3 5 6 .… [+123 chars]",,2026-07-31 18:12:07+00:00,wmo,Greece,MED,Europe
47e78166b80b54f7d2f464773506047a,2026-07-24T20:16:00Z,Precipitation,βροχή ελλάδα,www.protothema.gr,el,0.7,"Sintflutartiger Regen in Epidaurus unterbrach Aristophanes‘ „Frieden“, Zuschauer rannten in Deckung, siehe Fotos. Das Publikum ging nach einem herzlichen Applaus für die Schauspieler und alle Mitwirkenden Epidaurus | Schlechtes Wetter | Griechenland","Καταρρακτώδης βροχή στην Επίδαυρο διέκοψε την «Ειρήνη» του Αριστοφάνη, έτρεχαν να προστατευτούν οι θεατές, δείτε φωτογραφίες","Το κοινό αποχώρησε, αφού πρώτα χειροκρότησε θερμά τους ηθοποιούς και όλους τους συντελεστές | Επίδαυρος | Κακοκαιρία | Ελλάδα","Torrential rain in Epidaurus interrupted Aristophanes' ""Peace"", spectators ran for cover, see photos. The audience left after warmly applauding the actors and all the contributors Epidaurus | Bad weather | Greece","Pluviae torrentes in Epidauro Aristophanis ""Pacem"" interpellaverunt, spectatores ad operculum cucurrerunt, vide imagines. Relinquerunt auditores, cum actores plaudentibus omnibusque contulerunt Epidauro | Bad weather | Graecia",https://www.protothema.gr/greece/article/1855837/i-kakokairia-epnixe-tin-premiera-tis-eirinis-stin-epidauro-diakopike-i-parastasi-meta-apo-mia-ora/,https://www.protothema.gr/images/640x360share/jpg/files/2026-07-24/epidavros_vroxi_mk.jpg,,"«» , 24 , ., , . , «» , . , .
anagnostis.org , , , . , , .
, , , , .
«» , , . , 25 , 21:00. .",,2026-07-31 21:48:21+00:00,wmo,Greece,MED,Europe
4fcd6777f93795348e7ed04baa848ed2,2026-07-22T07:14:48Z,Storm,καταιγίδα,www.naftemporiki.gr,el,0.9,"Tödlicher Sturm in Chile: 13 Tote. Dreizehn Menschen haben in Chile ihr Leben durch schwere Stürme verloren, die das Land seit dem 15. Juli heimgesucht haben.
Die Straßen wurden durch die Überschwemmungen halbiert, 60.000 Menschen lebten dort.
Tödlicher Sturm in Chile: 13 Tote - NAUTEMPORIKI",Φονική καταιγίδα στη Χιλή: 13 νεκροί,"Δεκατρείς άνθρωποι έχουν χάσει τη ζωή τους στη Χιλή, από σφοδρές καταιγίδες που πλήττουν τη χώρα από τις 15 Ιουλίου.
Δρόμοι κόπηκαν στη μέση εξαιτίας των πλημμυρών, με 60.000 ανθρώπους…
Φονική καταιγίδα στη Χιλή: 13 νεκροί - Η ΝΑΥΤΕΜΠΟΡΙΚΗ","Deadly storm in Chile: 13 dead. Thirteen people have lost their lives in Chile, from severe storms that have hit the country since July 15.
Roads were cut in half by the floods, with 60,000 people…
Deadly storm in Chile: 13 dead - NAUTEMPORIKI","Tempestas funesta in Chile: 13 mortuus est. Tredecim homines in Chile vitam amiserunt ex gravibus procellis quae patriam cum die 15 mensis Iulii ferierunt.
Viae in diluvio divisae sunt, cum 60.000 hominum.
Tempestas funesta in Chile: 13 mortuus est - NAUTEMPORIKI",https://www.naftemporiki.gr/kosmos/2140945/foniki-kataigida-sti-chili-13-nekroi/,https://www.naftemporiki.gr/wp-content/uploads/2026/07/chile.jpg,,", 15 .
 , 60.000 .
 , .
« 13 », , (SENAPRED).
 100.000 .
 2.800 . 2.200 60.000 , .
« 57 . », , , 500 .
 « » .
 , , .
 .
: -",,2026-08-01 10:23:25+00:00,random,,,
a03b6b6e3c2b12f8f5b7695b9979f789,2026-07-09T13:31:00Z,Volcano,ηφαίστειο,www.protothema.gr,el,0.9,"Vulkan Canlaon auf den Philippinen ausgebrochen – Die Aschewolke erreichte vom Krater aus eine Höhe von bis zu drei Kilometern. Die Explosion, die sich am frühen Donnerstagmorgen ereignete, dauerte drei Minuten – Asche bedeckte benachbarte Gebiete | Vulkan | Philippinen | Esche | Explosion | Vulkanausbruch | Welt",Εξερράγη το ηφαίστειο Κανλαόν στις Φιλιππίνες - Σε ύψος ως και τρία χιλιόμετρα από τον κρατήρα έφτασε το νέφος της τέφρας,"Η έκρηξη, που σημειώθηκε νωρίς τοι πρωί της Πέμπτης, είχε διάρκεια τριών λεπτών - Οι στάχτες κάλυψαν γειτονικές περιοχές | Ηφαίστειο | Φιλιππίνες | Τέφρα | Έκρηξη | Έκρηξη ηφαιστείου | Κόσμος","Canlaon volcano erupted in the Philippines - The ash cloud reached a height of up to three kilometers from the crater. The explosion, which occurred early Thursday morning, lasted three minutes - Ashes covered neighboring areas | Volcano | Philippines | Ash | Explosion | Volcano Eruption | World","Canlaon vulcano in Philippinis erupit - nubes cinis in altitudinem usque ad tres chiliometra e cratere pervenit. Explosio, quae mane Iovis mane occurrit, tres minutas minutas - cineres vicinis locis obtexit | Volcano | Philippinae | Cineres | Explosion | Volcano Eruption | Mundus",https://www.protothema.gr/world/article/1848237/exerragi-to-ifaisteio-kanlaon-stis-filippines-se-upsos-os-kai-tria-hiliometra-apo-ton-kratira-eftase-to-nefos-tis-tefras/,https://www.protothema.gr/images/640x360share/jpg/files/2026-07-09/volcano-philippines.jpg,,"El volcán Canlaón entra en erupción y eleva la alerta en Filipinas
La mañana de este jueves 9 de julio de 2026, el volcán Canlaón registró una erupción de tres minutos que generó una columna de ceni… [+168 chars]",,2026-08-01 17:44:49+00:00,random,,,
392c98b3d53efd8bd9a5d4c74ae5fa6e,2026-07-10T13:47:51Z,Volcano,ηφαίστειο,www.alphafreepress.gr,el,0.9,"Philippinen: Der Vulkan Kanlaon bricht 3 km entfernt mit Asche aus. Der Vulkan Kanlaon brach in Negros auf den Philippinen aus, schleuderte Asche bis zu 3 km weit und löste in Wohngebieten Alarm aus.",Φιλιππίνες: Εξερράγη το ηφαίστειο Κανλαόν με τέφρα 3 χλμ.,"Το ηφαίστειο Κανλαόν εξερράγη στο Νέγκρος των Φιλιππίνων, στέλνοντας τέφρα έως 3 χλμ. και προκαλώντας συναγερμό σε κατοικημένες περιοχές.","Philippines: Kanlaon volcano erupts with ash 3 km. Kanlaon volcano erupted in Negros, Philippines, sending ash up to 3 km and causing alarm in residential areas.","Philippinae: Kanlaon vulcano cinere 3 km erumpit. Kanlaon vulcanus in Negros, Philippines erupit, cineres usque ad 3 km mittens et terrorem in locis residentialibus causans.",https://www.alphafreepress.gr/2026/07/10/kosmos/filippines-exerragi-ifaisteio-kanlaon-nefos-tefras/,https://www.alphafreepress.gr/wp-content/uploads/2026/07/volcano.jpg,,"3 . , . , , . , . 2,5 3 . , , , , . , .
Today, a major eruption at Kanlaon Volcano on Negros Island, Philippines. An ash plume rose 23 km (1.21.9 miles) above the crater, causing ashfall in nearby a… [+470 chars]",,2026-08-01 17:44:49+00:00,random,,,
6c8e1aec5827a29bdc43ea4af0f22c19,2026-07-14T11:02:00Z,Volcano,ηφαίστειο,www.protothema.gr,el,0.9,"Der Moment, in dem der Mayo-Vulkan auf den Philippinen Asche und Lava ausspuckt, beeindruckendes Video. Der Vulkan bleibt auf Alarmstufe 3, da die vulkanische Aktivität hoch ist und die unmittelbare Gefahr gefährlicher Ausbrüche besteht | Vulkan | Philippinen | Welt","Η στιγμή που το ηφαίστειο Μαγιό στις Φιλιππίνες εκτοξεύει στάχτη και λάβα, εντυπωσιακό βίντεο",Το ηφαίστειο παραμένει σε Επίπεδο Συναγερμού 3 καθώς η ηφαιστειακή δραστηριότητα είναι υψηλή και υπάρχει άμεσος κίνδυνος επικίνδυνων εκρήξεων | Ηφαίστειο | Φιλιππίνες | Κόσμος,"The moment the Mayo volcano in the Philippines spews ash and lava, impressive video. The volcano remains at Alert Level 3 as volcanic activity is high and there is an immediate risk of dangerous eruptions | Volcano | Philippines | World","Momentum Mayo vulcano in Philippinis cinerem et lavam vomit, gravem video. Volcano in gradu erecti manet 3 sicut actio molaris altus est et periculum periculorum eruptionum immediatum est | Volcano | Philippinae | Mundus",https://www.protothema.gr/world/article/1850718/i-stigmi-pou-to-ifaisteio-magio-ektoxeuei-stahti-kai-lava-eduposiako-video/,https://www.protothema.gr/images/640x360share/jpg/files/2026-07-14/maketa-phillipines.jpg,,"' . (PHIVOLCS), , 14 . 190 , , ( ) .
The Philippines Mayon volcano continued spewing lava and rocks, the Philippine Institute of Volcanology and Seismology said. The agency said the eruption has per… [+305 chars]",,2026-08-01 17:44:49+00:00,random,,,
8ae0c9631e6c6dbe9c3974b78d6c5e43,2026-07-23T16:16:35Z,Landslide,κατολίσθηση,www.protothema.gr,el,0.9,"Mindestens 11 Tote und 50 Vermisste nach Erdrutsch in China, siehe Video. Auf Videos war zu sehen, wie riesige Steine ​​auf Häuser fielen, während Menschen rannten, um sich selbst zu retten. China | Erdrutsch | Welt","Τουλάχιστον 11 νεκροί και 50 αγνοούμενοι μετά την κατολίσθηση στην Κίνα, δείτε βίντεο",Σε βίντεο διακρίνονταν τεράστιοι βράχοι να πέφτουν πάνω σε σπίτια την ώρα που άνθρωποι έτρεχαν να σωθούν | Κίνα | Κατολίσθηση | Κόσμος,"At least 11 dead and 50 missing after landslide in China, see video. Videos showed huge rocks falling on houses as people ran to save themselves China | Landslide | World",Saltem 11 mortuos et 50 absentes post LAPSUS in Sinis videre video. Videos monstrabant ingentia saxa in domibus cadentibus ut homines ad se salvandos Sinas | Landslide | Mundus,https://www.protothema.gr/world/article/1855226/toulahiston-11-nekroi-kai-50-agnooumenoi-meta-tin-katolisthisi-stin-kina/,https://www.protothema.gr/images/640x360share/jpg/files/2026-07-23/kina-katolisthisi.jpg,,"Flora Food Greece « », 500",,2026-08-02 04:17:39+00:00,random,,,
246a436fb0633c26fce133e9ef6b5b0c,2026-07-16T09:35:00Z,Heat Wave,κύμα καύσωνα,www.protothema.gr,el,0.9,"Tragödie in Algerien: Waisenhaus in Flammen aufgegangen, mindestens 11 Tote. Das Land, das mit einer schweren Hitzewelle konfrontiert ist, verzeichnete innerhalb einer Woche fast tausend Brandausbrüche | Feuer | Algerien | Hitze | Waisenhaus | Welt","Τραγωδία στην Αλγερία: Ορφανοτροφείο τυλίχθηκε στις φλόγες, τουλάχιστον 11 νεκροί","Η χώρα, που είναι αντιμέτωπη με σοβαρό κύμα καύσωνα, έχει καταγράψει σχεδόν χίλιες εστίες πυρκαγιάς μέσα σε μία εβδομάδα | Πυρκαγιά | Αλγερία | Καύσωνας | Ορφανοτροφείο | Κόσμος","Tragedy in Algeria: Orphanage engulfed in flames, at least 11 dead. The country, which is facing a severe heat wave, has recorded almost a thousand fire outbreaks within a week | Fire | Algeria | Heat | Orphanage | World","Tragoedia in Algeria: Orphanage flammis absorpta, saltem 11 mortua. Patria, quae ad gravem aestum fluctum spectat, mille fere incendia intra septimanam | ignis | Algeria | Calor | Orphanage | Mundus",https://www.protothema.gr/world/article/1851876/tragodia-stin-algeria-orfanotrofeio-tulihthike-stis-floges-toulahiston-11-nekroi/,https://www.protothema.gr/images/640x360share/jpg/files/2026-07-16/fire_algiers.jpg,,Le Premier ministre Sifi Ghrieb sest rendu à lhôpital des Grands Brûlés de Zéralda puis au CHU Mustapha-Pacha pour senquérir de létat de santé des victimes de lincendie du foyer pour lenfance assisté… [+137 chars],,2026-08-02 07:20:28+00:00,random,,,
5eb38c65e14c6a38f490e5d96d3ae36d,2026-07-17T05:41:35Z,ice jam,πλημμύρα,www.protothema.gr,el,0.7,"Eine Wasserleitung in Los Angeles brach und überschwemmte West Hollywood, siehe Video. Der kaputte Abschnitt der Sunset-Hauptleitung stammte aus dem Jahr 1916 und soll nach Angaben des Versorgungsunternehmens im Jahr 2031 ersetzt werden Los Angeles | Hollywood | Überschwemmung | Welt","Εσπασε κεντρικός αγωγός ύδρευσης στο Λος Άντζελες και πλημμύρισε το δυτικό Χόλιγουντ, δείτε βίντεο","Το τμήμα του κεντρικού αγωγού του Sunset που έσπασε ήταν από το 1916, είχε προγραμματιστεί να αντικατασταθεί το 2031, σύμφωνα με την εταιρεία κοινής ωφέλειας | Λος Άντζελες | Χόλιγουντ | Πλημμύρα | Κόσμος","A water main in Los Angeles broke and flooded West Hollywood, see video. The section of Sunset main that broke was from 1916, scheduled to be replaced in 2031, according to the utility | Los Angeles | Hollywood | Flood | World","Aqua principalis in Los Angeles fregit et inundavit in Occidente Hollywood, videre video. Sectio Solis Occasus principalis, quae orta fuit ab 1916, anno 2031 reponenda est, pro utilitate | Los Angeles | Hollywood | Flood | World",https://www.protothema.gr/world/article/1852299/espase-kedrikos-agogos-udreusis-sto-los-adzeles-kai-plimmurise-to-dutiko-holigoud-deite-video/,https://www.protothema.gr/images/640x360share/jpg/files/2026-07-17/blvd.jpg,,", , , .1916 , . Sunset 2031, . 2019, 29% 80 , 100 .
#BreakingNews: Sunset Boulevard is closed indefinitely in West Hollywood after a massive, 100-year-old water main ruptured early Thursday morning,… [+903 chars]",,2026-08-02 14:16:02+00:00,random,,,
1fa82746d9fdb6ab99b939868aea70f8,2026-07-26T12:40:31Z,ice jam,πλημμύρα,www.naftemporiki.gr,el,0.9,"China: 10 Tote durch Sturzflut im Nordwesten (Video). Laut staatlichen Medien wurden heute bei einer Sturzflut in einem Touristengebiet im Nordwesten Chinas zehn Menschen getötet und Dutzende verletzt.
„Ein reißender Strom, verursacht durch…“
China: 10 Tote durch Sturzflut in...",Κίνα: 10 νεκροί από ξαφνική πλημμύρα στα βορειοδυτικά (Βίντεο),"Δέκα άνθρωποι έχασαν τη ζωή τους και δεκάδες άλλοι τραυματίσθηκαν σήμερα από ξαφνική πλημμύρα σε τουριστική περιοχή στη βορειοδυτική Κίνα, μετέδωσαν τα κρατικά μέσα ενημέρωσης.
«Ορμητικός χείμαρρος που προκλήθηκε από…
Κίνα: 10 νεκροί από ξαφνική πλημμύρα στα …","China: 10 dead from flash flood in northwest (Video). Ten people were killed and dozens injured today in a flash flood in a tourist area in northwest China, state media reported.
""A rushing torrent caused by…
China: 10 dead from flash flood in...","China: 10 mortui e mico diluvio in chorum (Video). Decem homines occisi et justo laesi hodie in diluvio claro in area urbis VIATOR in Sinis inter septentriones, media re publica nuntiaverunt.
""A torrens torrens fecit a ...
China: 10 Mortuus a mico diluvio in...",https://www.naftemporiki.gr/kosmos/2142863/kina-10-nekroi-apo-xafniki-plimmyra-sta-voreiodytika-vinteo/,https://www.naftemporiki.gr/wp-content/uploads/2026/07/kina_plimmires_tyfonas.jpg,,"« , , » , CCTV. , . , .",,2026-08-02 14:16:02+00:00,random,,,
2aaa7e9c0355aac73007df3ceb514cbd,2026-07-14T12:59:58Z,Tsunami,τσουνάμι,www.alphafreepress.gr,el,0.9,"Tsunami-Wolke in Frankreich: Badegäste rannten zum Verlassen. Das Galerne-Phänomen überraschte Einwohner und Besucher im Golf von Biskaya, während in Biarritz die Temperatur innerhalb kürzester Zeit auf 23 °C sank.",Σύννεφο τσουνάμι στη Γαλλία: Λουόμενοι έτρεχαν να φύγουν,"Το φαινόμενο Galerne αιφνιδίασε κατοίκους και επισκέπτες στον Βισκαϊκό Κόλπο, ενώ στο Μπιαρίτζ η θερμοκρασία έπεσε στους 23°C σε λίγο χρόνο.","Tsunami cloud in France: Bathers were running to leave. The Galerne phenomenon surprised residents and visitors in the Bay of Biscay, while in Biarritz the temperature dropped to 23°C in no time.","Tsunami nubes in Gallia: Thermis abire currit. Galerne phaenomenon incolas et visitatores in Sinus Biscay mirantur, cum in Biarritz temperies ad 23°C nullo tempore omissa est.",https://www.alphafreepress.gr/2026/07/14/kosmos/synnefo-tsounami-sti-gallia-louomenoi-etrexan-na-fygoun/,https://www.alphafreepress.gr/wp-content/uploads/2025/08/beach-bar.jpg,,"«-» . , , , . Galerne . , , .
 INFO – #Météo : Hier, une spectaculaire #galerne (Vent froid) a balayé la grande plage d’#Hendaye en quelques instants, provoquant une chute de température de plus de … [+163 chars]",,2026-08-02 17:46:17+00:00,random,,,
3ede9a0986404f7766fe2df0f8925c12,2026-07-28T07:53:00Z,Tsunami,τσουνάμι,www.protothema.gr,el,0.9,"Erdbeben der Stärke 7,1 in Japan, Tsunami-Warnung von einem Meter. Dem starken Erdbeben der Stärke 7,1 Richter folgten innerhalb von 10 Minuten drei Nachbeben mit Stärken zwischen 4,5 und 3,8 Richter | Erdbeben | Japan | Tsunami | Welt","Σεισμός 7,1 Ρίχτερ στην Ιαπωνία, προειδοποίηση για τσουνάμι ενός μέτρου","Την ισχυρή δόνηση των 7,1 Ρίχτερ ακολούθησαν τρεις μετασεισμοί μέσα σε 10 λεπτά  με μεγέθη από 4,5 έως 3,8 Ρίχτερ | Σεισμός | Ιαπωνία | τσουνάμι | Κόσμος","7.1 magnitude earthquake in Japan, one meter tsunami warning. The powerful 7.1 Richter tremor was followed by three aftershocks within 10 minutes with magnitudes ranging from 4.5 to 3.8 Richter | Earthquake | Japan | tsunami | World",7.1 Magnitudo terrae motus in Iaponia unum metrum tsunami observavit. Potens 7.1 Richter tremor sequitur tres aftershocks intra 10 minuta cum magnitudinibus vndique ab 4.5 ad 3.8 Richter | Terrae motus | Japan | tsunami | Mundus,https://www.protothema.gr/world/article/1857081/seismos-71-rihter-stin-iaponia-proeidopoiisi-gia-tsounami-enos-metrou/,https://www.protothema.gr/images/640x360share/png/files/2026-07-28/seismnos-iapnnia.png,,"EARTHQUAKE: A magnitude 7.1 earthquake has just struck near Uki, Japan. 
A tsunami warning has been issued. 
Shaking is still being felt. pic.twitter.com/UxrkRSEXLp
— Gays For Trump (@GaysForTrump… [+14 chars]",,2026-08-02 17:46:17+00:00,random,,,
5b9b164a09472787d67849f683eccb9d,2026-07-28T08:02:05Z,Tsunami,τσουνάμι,www.newsit.gr,el,0.9,"„Mammut“-Erdbeben der Stärke 7,1 in Japan – Tsunami-Warnung. Ein starkes Erdbeben der Stärke 7,1 erschütterte Japan am Dienstag (28.07.2026), woraufhin die Behörden zur Sicherheit der Bürger eine Tsunami-Warnung auslösten. Die ... 
Der Artikel „Mammut“ 7,1 Richter-Erdbeben in Japan – Tsunami-Warnung dem...","Σεισμός «μαμούθ» 7,1 Ρίχτερ στην Ιαπωνία – Προειδοποίηση για τσουνάμι","Ισχυρός σεισμός μεγέθους 7,1 Ρίχτερ σημειώθηκε την Τρίτη (28.07.2026) στην Ιαπωνία, με τις αρχές να ενεργοποιούν προειδοποίηση για τσουνάμι για την ασφάλεια των πολιτών. Ο ... 
To άρθρο Σεισμός «μαμούθ» 7,1 Ρίχτερ στην Ιαπωνία – Προειδοποίηση για τσουνάμι δημ…","'Mammoth' 7.1 earthquake in Japan - Tsunami warning. A powerful 7.1-magnitude earthquake hit Japan on Tuesday (28.07.2026), with authorities activating a tsunami warning for the safety of citizens. The ... 
The article ""Mammoth"" 7.1 Richter earthquake in Japan - Tsunami warning dem...","'Mammoth' 7.1 terrae motus in Iaponia - Tsunami admonitio. Magnitudo terrae motus potens 7.1 Iaponiam ferire die Martis (28.07.2026), cum auctoritatibus tsunami monitum pro salute civium activum. In... 
Articulus ""Mammoth"" 7.1 Richter terrae motus in Iaponia - Tsunami monens dem...",https://www.newsit.gr/kosmos/seismos-mamouth-7-1-rixter-stin-iaponia-proeidopoiisi-gia-tsounami-deite-vinteo-me-tis-stigmes-panikou/4738604/,https://www.newsit.gr/wp-content/uploads/2026/07/seismos-iapwnia-1200x630.jpg,,"7,1 (28.07.2026) , . – . , .« . . , . , », . , , , , , , .",,2026-08-02 17:46:17+00:00,random,,,
1fbd5dd18b24edb189e6fc4677c0df90,2026-07-23T14:08:23Z,Thunderstorm,χαλάζι,www.newsit.gr,el,0.9,"Wetter: In Attika, Thessaloniki und 9 weiteren Gebieten herrscht am Freitag wegen schlechten Wetters starker Sturm, Hagel und Blitz. Das Wetter verschlechtert sich plötzlich, da es aufgrund der Hitze der vergangenen Tage ab Freitag, dem 24. Juli, zu heftigen Regenfällen, Stürmen, Hagel und Blitzen kommen wird. Die ... 
Der Artikel Wetter: In Attika, Thessaloniki und 9 anderen Regionen am Freitag wegen des...","Καιρός: Σε Red code Αττική, Θεσσαλονίκη και άλλες 9 περιοχές την Παρασκευή λόγω της κακοκαιρίας – Ισχυρές καταιγίδες, χαλάζι και κεραυνοί","Απότομα χαλάει ο καιρός καθώς από τον καύσωνα των προηγούμενων ημερών θα έχουμε ισχυρές βροχές, καταιγίδες, χαλάζι και κεραυνούς από την Παρασκευή 24 Ιουλίου. Η ... 
To άρθρο Καιρός: Σε Red code Αττική, Θεσσαλονίκη και άλλες 9 περιοχές την Παρασκευή λόγω της …","Weather: In Red code Attica, Thessaloniki and 9 other areas on Friday due to bad weather - Strong storms, hail and lightning. The weather suddenly deteriorates as from the heat of the previous days we will have heavy rains, storms, hail and lightning from Friday 24 July. The ... 
The article Weather: In Red code Attica, Thessaloniki and 9 other regions on Friday due to the...","Tempestas: In rubro codice Atticae, Thessalonica et 9 aliis locis Veneris ob tempestatibus — Validae tempestates, grandines et fulgura. Tempestas subito corrumpitur sicut ex calore superiorum dierum habebimus pluvias, tempestates, grandines et fulgura a die Veneris 24 mensis Iulii. In... 
Articulus Tempestatis: In rubro codice Atticae, Thessalonica, et 9 aliarum regionum Veneris ob ...",https://www.newsit.gr/ellada/kairos-se-red-code-attiki-thessaloniki-kai-alles-9-perioxes-tin-paraskeyi-logo-tis-kakokairias-isxyres-kataigides-xalazi-kai-keraynoi/4735472/,https://www.newsit.gr/wp-content/uploads/2026/07/kairos-7-1200x630.jpg,,", , 24 .
 24 , ,
 , , 24 , 25 2026, . (), , .
 , ,  : . , , , . , , , , , , . . , , . . , (, , ). 
11 Red code
 (), (..) , (Red Code) 11 : 
-  - , ,  - ( )  -  - ( ),  -  
 , , , ,   , . 
 (.… [+269 chars]",,2026-08-03 04:21:54+00:00,random,,,
014a34f5073cb61d73b9fbee1d779a70,2026-07-24T04:07:52Z,Thunderstorm,χαλάζι,www.naftemporiki.gr,el,0.9,"Schlechtes Wetter mit Stürmen, Unwettern und Hagel ausdrücken - Im Fokus und Attika. Heute werden in anderen Regionen Griechenlands heftige Regenfälle und Gewitter, häufige Blitze und die Möglichkeit von lokalem Hagel erwartet.
Genauer gesagt wird heute zunächst im Westen mit einem Wetterumschwung gerechnet...
Schlechtwetterexpress mit Sturm…","Κακοκαιρία εξπρές με καταιγίδες, μπουρίνια και χαλάζι- Στο επίκεντρο και η Αττική","Ισχυρές βροχές και καταιγίδες με μπουρίνια, μεγάλη συχνότητα κεραυνών και πιθανότητα τοπικών χαλαζοπτώσεων αναμένονται σήμερα σε άλλες περιοχές της Ελλάδας.
Πιο αναλυτικά, σήμερα, μεταβολή του καιρού αναμένεται αρχικά στα δυτικά…
Κακοκαιρία εξπρές με καταιγίδ…","Express bad weather with storms, storms and hail - In the focus and Attica. Heavy rains and thunderstorms, high frequency of lightning and possibility of local hail are expected today in other regions of Greece.
In more detail, today, a change in the weather is initially expected in the west...
Bad weather express with storm…","Tempestates exprimunt tempestates cum procellis, procellis et grandinibus - In foco et Attica. Imbres et tonitrua, magna frequentia fulgurum et possibilitas loci grandinis hodie exspectantur in aliis Graeciae regionibus.
Fusius, hodie mutatio tempestatum initio expectatur in occidente ...
Tempestatibus exprimunt tempestatem…",https://www.naftemporiki.gr/society/2141899/kakokairia-expres-me-kataigides-mpoyrinia-kai-chalazi-sto-epikentro-kai-i-attiki/,https://www.naftemporiki.gr/wp-content/uploads/2024/09/vroxi-attiki1.jpg,,", .
 , , , . , , , , . .
 :
<ul><li> (. , , ) ( ).</li><li> (. ) ( ), – ( ).</li><li> ( ) ( ).</li><li> , , ( ).</li><li> (. , , ) ( ).</li></ul> (Red Code) , .
 4 6 , 7 .
 29 30 , 30 32 33 .
,… [+463 chars]",,2026-08-03 08:06:23+00:00,random,,,
edcd1e18c939113bf3d28e3d5a3cb823,2026-07-02T09:49:02Z,Heat Wave,κύμα καύσωνα,www.newsit.gr,el,0.9,"Frankreich: Über 90 Menschen ertranken in 15 Tagen – Behörden sind diese Woche in Alarmbereitschaft vor einer neuen Hitzewelle. In Frankreich sind in den letzten 15 Tagen mehr als 90 Menschen durch Ertrinken gestorben, ein Phänomen, das direkt mit der Hitze zusammenhängt ... 
Der Artikel Frankreich: Mehr als 90 Menschen ertranken in 15 Tagen – Die Behörden sind in Alarmbereitschaft vor einer neuen Hitzewelle...",Γαλλία: Πάνω από 90 άνθρωποι πνίγηκαν μέσα σε 15 ημέρες – Σε επιφυλακή οι αρχές για νέο κύμα καύσωνα αυτήν την εβδομάδα,"Πάνω από 90 άνθρωποι έχουν χάσει την ζωή τους από πνιγμό, τις τελευταίες 15 ημέρες στη Γαλλία, ένα φαινόμενο που συνδέεται άμεσα με τον καύσωνα ... 
To άρθρο Γαλλία: Πάνω από 90 άνθρωποι πνίγηκαν μέσα σε 15 ημέρες – Σε επιφυλακή οι αρχές για νέο κύμα καύσωνα …","France: Over 90 people drowned in 15 days – Authorities on alert for new heat wave this week. More than 90 people have died from drowning in the last 15 days in France, a phenomenon directly linked to the heat ... 
The article France: More than 90 people drowned in 15 days – The authorities are on alert for a new heat wave...","Gallia: Plus 90 populus submersus est in 15 diebus - Auctoritates intenti pro novo aestu unda hac septimana. Plus quam 90 homines e submersione in proximis 15 diebus in Gallia mortui sunt, phaenomenon calori immediate coniunctum. 
Articulus Gallia: Plus quam 90 homines submersi sunt in diebus XV - Auctoritates sunt vigilantes pro novo aestu undae...",https://www.newsit.gr/kosmos/gallia-pano-apo-90-anthropoi-pnigikan-mesa-se-15-imeres-se-epifylaki-oi-arxes-gia-neo-kyma-kaysona/4718297/,https://www.newsit.gr/wp-content/uploads/2026/07/gallia-kafswnas-2-r-1200x630.jpg,,"90 , 15 , .
 , (02.07.2026) , 74 19 90 .
« 19 , 90 . », RMC.
 , , . , .
REUTERS/Tom Nicholson
« , », .
 « . , , . , , ».
REUTERS/Tom Nicholson
, , .
 « , » « », .
REUTERS/Tom Nicholson
« ,… [+31 chars]",,2026-08-03 18:27:57+00:00,random,,,
2d7705f47b0ab1f13eac9fe97cef8476,2026-07-09T12:53:34Z,Heat Wave,κύμα καύσωνα,www.skai.gr,el,0.9,"Frankreich Die Hitzewelle, die das Land heimsucht, „wird mindestens bis zum 14. Juli andauern“. Ein Bericht des französischen Senats betont, dass das Land seine internationale Klimastrategie überprüfen muss, um sie „zugänglicher“ zu machen.",Γαλλία Το κύμα καύσωνα που πλήττει τη χώρα «θα συνεχιστεί τουλάχιστον μέχρι τις 14 Ιουλίου»,"Σε έκθεση της γαλλικής Γερουσίας υπογραμμίζεται ότι η χώρα πρέπει να επανεξετάσει τη διεθνή στρατηγική της για το κλίμα, ώστε να την κάνει πιο «προσβάσιμη»","France The heat wave affecting the country ""will continue at least until July 14"". A report by the French Senate highlights that the country must review its international climate strategy to make it more ""accessible""","Gallia aestus fluctuantem patriam afficiens ""ad minimum usque ad diem 14 Iulii permanebit"". Renuntiatio a senatu Gallico elucidat patriam recognoscere debere consilium climatis internationalis quo magis ""accessibile"" sit.",https://www.skai.gr/news/world/gallia-toulaxiston-mexri-tis-14-iouliou-to-kyma-kaysona,https://cdn.skai.gr/sites/default/files/styles/article_16_9/public/2026-06/gallia_ap.jpg?itok=v3OgEiCk,,"« 14 », (Météo-France). , 40°C 35 38°C (35°C), (36°C), - (36°C), (37°C) (38°C).
 90 , Garonne. Garonne, 28°C ».
 «» , , «» .
 « », - « » - , « , , » . COPs, , , . , « , », . - 
 , , .
 .Skai.gr … [+12 chars]",,2026-08-03 18:27:57+00:00,random,,,
fe895b24f44205b3f3ab3c4a5a3230e5,2026-07-27T04:52:55Z,Heat Wave,κύμα καύσωνα Γαλλία,www.naftemporiki.gr,el,0.9,"Frankreich: Neue Hitzewelle, während sich das Feuer Bordeaux nähert – Beispiellose Feuerwolke erzeugt ihre eigenen Winde und Blitze. Das Feuer zieht nicht mehr nur durch die Wälder im Südwesten Frankreichs. Es nähert sich Bordeaux, ändert ständig die Richtung und schafft seine eigenen Wetterbedingungen.
Die ganze Zeit...
Frankreich: Eine neue Hitzewelle, während sich das Feuer Bordeaux nähert – Beispiellos...",Γαλλία: Nέο κύμα καύσωνα ενώ η φωτιά πλησιάζει στο Μπορντό – Πρωτοφανές πύρινο νέφος δημιουργεί δικούς του ανέμους και κεραυνούς,"Η φωτιά δεν κινείται πια μόνο μέσα στα δάση της νοτιοδυτικής Γαλλίας. Πλησιάζει το Μπορντό, αλλάζει διαρκώς κατεύθυνση και δημιουργεί τις δικές της καιρικές συνθήκες.
Όλα αυτά την ώρα που…
Γαλλία: Nέο κύμα καύσωνα ενώ η φωτιά πλησιάζει στο Μπορντό – Πρωτοφανέ…","France: New heat wave as fire approaches Bordeaux – Unprecedented fire cloud creates its own winds and lightning. The fire is no longer only moving through the forests of southwestern France. It is approaching Bordeaux, constantly changing direction and creating its own weather conditions.
All this while...
France: A new heat wave while the fire approaches Bordeaux - Unprecedented...","Gallia: Novus calor undae Burdigalae appropinquat ignis - Inauditus ignis nubes suos ventos et fulgura creat. Ignis non amplius est nisi per silvas Galliae meridionalis. Burdegalam appropinquat, directionem subinde varians et tempestatum suam creans.
Haec omnia dum...
Gallia: Novus unda caloris Burdigalae appropinquat ignis - Inauditum...",https://www.naftemporiki.gr/kosmos/2143015/gallia-neo-kyma-kaysona-eno-i-fotia-plisiazei-sto-mpornto-protofanes-pyrino-nefos-dimioyrgei-dikoys-toy-anemoys-kai-keraynoys/,https://www.naftemporiki.gr/wp-content/uploads/2026/07/gironde.jpg,,". , 15 . , , 850.000 , . . « » . . , 40 , . : , « », . , , .« . », , « ». , , . . 42.000 , . , 98.000 , 220.000 . «» « ». , , . « », . , 15.000 . , , « », . , , . « », , . 77.000 , . 90.000 , . , . 5… [+32 chars]",,2026-08-03 18:27:57+00:00,wmo,France,WCE,Europe
033b87d8143795ed94d7f6883adc0f32,2026-07-28T07:03:37Z,Heat Wave,κύμα καύσωνα Γαλλία,www.naftemporiki.gr,el,0.9,"Feuer-Alptraum geht in Spanien und Frankreich weiter – Feuerwehrleute kämpfen gegen die Zeit vor der neuen Hitzewelle. Feuerwehrleute in Frankreich und Spanien kämpfen gegen die Zeit, um massive Waldbrände unter Kontrolle zu bringen, bevor es in diesem Jahr zu einer neuen Hitzewelle kommt ...
Der feurige Albtraum geht in Spanien und Frankreich weiter – Der Kampf gegen die Zeit wird gegeben von...",Συνεχίζεται ο πύρινος εφιάλτης σε Ισπανία και Γαλλία – Μάχη με το χρόνο δίνουν οι πυροσβεστικές δυνάμεις πριν από το νέο κύμα καύσωνα,"Μάχη με τον χρόνο δίνουν οι πυροσβεστικές δυνάμεις στη Γαλλία και την Ισπανία δίνουν για να θέσουν υπό έλεγχο τις τεράστιες δασικές πυρκαγιές, πριν από το νέο κύμα καύσωνα αυτής…
Συνεχίζεται ο πύρινος εφιάλτης σε Ισπανία και Γαλλία – Μάχη με το χρόνο δίνουν ο…","Fire nightmare continues in Spain and France - Firefighters are fighting against time before the new heat wave. Firefighters in France and Spain are racing against time to bring massive forest fires under control, ahead of a new heatwave this...
The fiery nightmare continues in Spain and France - Battle against time is given by...","Ignis exterreri solebat in Hispania et Gallia - Firefighters contra tempus pugnant ante novum aestum fluctum. Firefighters in Gallia et Hispania contra tempus currunt ut incendia silvestres ingentes in potestatem redigant, ante novam hanc aestum...
Ignea visio nocturna in Hispania et Gallia pergit - Battle against time is given by...",https://www.naftemporiki.gr/kosmos/2143544/synechizetai-o-pyrinos-efialtis-se-ispania-kai-gallia-machi-me-to-chrono-dinoyn-oi-pyrosvestikes-dynameis-prin-apo-to-neo-kyma-kaysona/,https://www.naftemporiki.gr/wp-content/uploads/2026/07/gallia-fotia-2.jpg,,", .
 .
 . « , », .
 , .
 (Aemet) «» , .
, .
EPA/MANUEL BRUQUE
« () 12 », .
 « », , , -, « » , .
 750.000 .
EPA/ANDREU ESTEBAN
« » , « », , « » .
, : .
«» 
 , ,   , 22 420.000 , « » «» ,… [+235 chars]",,2026-08-03 18:27:57+00:00,wmo,France,WCE,Europe
9752ee859ed715497877057b41ead0fb,2026-07-28T07:53:12Z,Heat Wave,κύμα καύσωνα Γαλλία,www.newsit.gr,el,0.9,"Feuerinferno in Frankreich und Spanien: Feuerwehrleute kämpfen hart um die Löschung, bevor eine weitere Hitzewelle zuschlägt. Die Brandfronten verbesserten sich sowohl in Frankreich als auch in Spanien, obwohl Wettervorhersagen eine neue Hitzewelle und einen Windwechsel vorhersagten, der ... 
Der Artikel Feuerinferno in Frankreich und Spanien: Erbitterter Kampf der Feuerwehrleute, um zu löschen, bevor eine neue Welle zuschlägt...",Κόλαση φωτιάς σε Γαλλία και Ισπανία: Σκληρή μάχη των πυροσβεστών για κατάσβεση πριν χτυπήσει νέο κύμα καύσωνα,"Βελτιωμένα τα μέτωπα της φωτιάς τόσο στη Γαλλία όσο και στην Ισπανία, παρά τις καιρικές προβλέψεις για νέο κύμα καύσωνα και αλλαγή των ανέμων που ... 
To άρθρο Κόλαση φωτιάς σε Γαλλία και Ισπανία: Σκληρή μάχη των πυροσβεστών για κατάσβεση πριν χτυπήσει νέο κύ…","Fire inferno in France and Spain: Firefighters battle hard to put out before another heat wave hits. Fire fronts improved in both France and Spain, despite weather forecasts for a new heat wave and a change in winds that ... 
The article Fire inferno in France and Spain: Fierce battle of firefighters to extinguish before a new wave hits...","Ignis infernus in Gallia et Hispania: Firefighters pugna dura exstinguitur antequam alius calor undam ferit. Ignis frontes in utraque Gallia et Hispania meliorantur, quamquam tempestas nova praesagit calorem fluctum et mutationem ventorum quae ... 
Articulus ignis inferno in Gallia et in Hispania: Ferox pugna pugnantium ad exstinguendum ante novam undam hits...",https://www.newsit.gr/kosmos/kolasi-fotias-se-gallia-kai-ispania-skliri-maxi-ton-pyrosveston-gia-katasvesi-prin-xtypisei-neo-kyma-kaysona/4738548/,https://www.newsit.gr/wp-content/uploads/2026/07/gallia-fwtia-r-2-1200x630.jpg,,", . 420.000 750.000  « » .
 22 , « », (28.07.2026) . , .
  Meteo – France , 33 35   , .
 , ,  « »,  40   .
Fire crews and planes wrestled Monday to bring a monster wildfire under control in south… [+1566 chars]",,2026-08-03 18:27:57+00:00,wmo,France,WCE,Europe
24e4cb09361eaaab8879661417c5316e,2026-07-29T06:44:33Z,Heat Wave,κύμα καύσωνα,www.protothema.gr,el,0.9,"Schockierendes Video eines Feuerwehrmanns aus nächster Nähe mit den Flammen in Frankreich, Besorgnis angesichts beginnender Hitzewelle. Im Landesinneren zeigen die Thermometer bis zu 41 Grad Celsius und es weht „trockener“ Wind mit Böen von bis zu 45 Kilometern pro Stunde | Frankreich | Brände | Feuer | Feuerwehrmann | Welt","Συγκλονιστικό βίντεο πυροσβέστη από απόσταση αναπνοής με τις φλόγες στη Γαλλία, ανησυχία για το κύμα καύσωνα που ξεκινά","Τα θερμόμετρα θα δείξουν έως και τους 41 βαθμούς Κελσίου στην ενδοχώρα ενώ θα πνέουν και «ξηροί» άνεμοι, με ριπές που ενδέχεται να φτάσουν τα 45 χιλιόμετρα την ώρα | Γαλλία | Φωτιές | Φωτιά | Πυροσβέστης | Κόσμος","Shocking video of firefighter up close with flames in France, concern as heat wave begins. The thermometers will show up to 41 degrees Celsius inland and there will be ""dry"" winds, with gusts that could reach 45 kilometers per hour | France | Fires | Fire | Fireman | World","Horrendum video of firefighter prope flammas in Gallia, cura sicut calor incipit unda. Thermometrae usque ad 41 gradus Celsius mediterranea monstrabunt et venti sicci erunt cum procellis qui 45 chiliometrorum per horam attingere potuerunt | France | Fires | ignis | Fireman | Mundus",https://www.protothema.gr/world/article/1857541/suglonistiko-video-purosvesti-apo-apostasi-anapnois-me-tis-floges-sti-gallia-anisuhia-gia-to-kuma-kausona-pou-xekina/,https://www.protothema.gr/images/640x360share/jpg/files/2026-07-29/fwtia-gallia-mak.jpg,,"Incendie en cours en #Gironde | Point de situation du mercredi 29 juillet à 06h00 :
La nuit a été calme, le feu est ce matin toujours stabilisé avec plusieurs reprises de feu traitées rapidement cet… [+183 chars]",,2026-08-03 18:27:57+00:00,random,,,
df5a9b0dbe2d3c8215449af2e8248806,2026-07-30T06:17:09Z,Heat Wave,κύμα καύσωνα Γαλλία,www.skai.gr,el,0.9,"Frankreich und Spanien in Flammen: Die neuesten Entwicklungen an den Brandfronten. Die Schlacht in Bordeaux, Cap Ferret und Castellon und die neue Hitzewelle, die die Behörden in höchster Alarmbereitschaft hält",Η Γαλλία και η Ισπανία στις φλόγες: Οι τελευταίες εξελίξεις από τα πύρινα μέτωπα,"Η μάχη στο Μπορντό, στο Καπ Φερέ και στη Καστεγιόν και το νέο κύμα καύσωνα που κρατά τις αρχές σε κατάσταση ύψιστης επιφυλακής","France and Spain in flames: The latest developments from the fire fronts. The battle in Bordeaux, Cap Ferret and Castellon and the new heat wave that keeps the authorities on high alert","Gallia et Hispania in flammis: Ultimae explicationes ab igne sunt. Proelium in Burdegala, Cap Ferret et Castellon et novus aestus fluctus qui auctoritates in altos custodit",https://www.skai.gr/news/world/gallia-kai-ispania-stis-floges-oi-teleytaies-ekselikseis-apo-ta-pyrina-metopa,https://cdn.skai.gr/sites/default/files/styles/article_16_9/public/2026-07/spainfires.jpg?itok=wemzxPND,,", ,   .
#BREAKING | NEWS Update: Almost all of the wildfires in Europe have started about same timethis is arson, Spain and France have arrested over 160 arsonists.
We now have major wildfires burn… [+2209 chars]",,2026-08-03 18:27:57+00:00,wmo,France,WCE,Europe
d4a14e0e695b04a0a8acb06d482888b5,2026-07-17T19:07:45Z,Tsunami,τσουνάμι,dialogos.com.cy,el,0.9,"Mexiko: Tsunami-Warnung nach Erdbeben der Stärke 7,4 aufgehoben. Nach einem starken Erdbeben vor der Südwestküste Mexikos, das heute auch in Guatemala und El Salvador zu spüren war, wurden weder Opfer noch weitreichende Schäden gemeldet. Das US-Tsunami-Warnzentrum in Ir…","Μεξικό: Άρση συναγερμού για τσουνάμι μετά τον σεισμό 7,4 βαθμών",Δεν έχουν αναφερθεί θύματα ή εκτεταμένες καταστροφές μετά τον ισχυρό σεισμό που σημειώθηκε σήμερα στα ανοικτά των νοτιοδυτικών ακτών του Μεξικού κι έγινε επίσης αισθητός σε Γουατεμάλα και Ελ Σαλβαδόρ. Το αμερικανικό κέντρο προειδοποίησης για τσουνάμι στον Ειρ…,Mexico: Tsunami warning lifted after 7.4 magnitude earthquake. No casualties or widespread damage have been reported after a powerful earthquake struck off the southwest coast of Mexico today and was also felt in Guatemala and El Salvador. The US Tsunami Warning Center in Ir…,Mexicum: Monitum Tsunami post 7.4 magnitudine terrae motus sustulit. Nullus casus vel damnum late divulgatum est postquam validus terrae motus inter meridiem occidentalem Mexici oram hodie concussit et etiam in Guatemala et El Salvador sensit. US Tsunami Admonitio Centre in Ir ...,https://dialogos.com.cy/mexiko-arsi-synagermoy-gia-tsoynami-meta-ton-seismo-74-vathmon/,https://dialogos.com.cy/wp-content/uploads/2026/07/HNcP8VAWAAAimdP.jpeg,,"© Dialogos Media Group - , , , / , , , , ( ) , , , , , .",,2026-08-03 21:50:07+00:00,random,,,
