week,sentiment_mean,sentiment_std,subjectivity_mean,subjectivity_std,counting
2025-46,-0.35503101218971156,0.9607572012880554,0.40212864371377804,0.6085874791384777,11.0
2025-47,-0.06460693576755257,0.9326486571410363,-0.04680417077874703,0.8320191005041891,23.0
2025-48,-0.27435551772843336,1.0857913099962213,0.15024793869745398,0.9986245302008182,22.0
2025-49,0.5407561167255798,0.6652008225600085,-1.0416411514974695,1.0296006804103335,5.0
2025-50,0.8561994280737907,0.29027253766631933,-0.8337555229342709,1.051747229513185,7.0
2025-51,-0.3019740775621271,1.1991041867867944,0.30942931121436024,0.754764161648172,7.0
2025-52,0.2942082505263936,0.34094014755670626,0.2610528559215519,1.3710448126525496,4.0
2026-00,0.6911040162179106,0.6181839335709814,0.14787662167182097,1.1421045926579731,5.0
2026-01,0.04181657429181025,0.058447318053314386,0.45737156270962837,0.32800995178655457,2.0
