domain,sentiment_mean,sentiment_std,subjectivity_mean,subjectivity_std,counting
www.protothema.gr,-0.11037581699346405,0.353296354736576,0.0261437908496732,0.09500028666394084,51.0
www.newsit.gr,-0.035648148148148144,0.31884321084342393,0.04027777777777777,0.10401459487837474,18.0
www.naftemporiki.gr,-0.13166666666666668,0.618477072241881,0.0,0.0,5.0
www.skai.gr,0.046666666666666655,0.26858683677516454,0.13333333333333333,0.2981423969999719,5.0
dialogos.com.cy,-0.0875,0.25653495899230805,0.0625,0.125,4.0
www.alphafreepress.gr,-0.07500000000000001,0.10606601717798214,0.16666666666666666,0.23570226039551584,2.0
i-epikaira.blogspot.com,0.0,1.0,0.0,1.0,1.0
