week,sentiment_mean,sentiment_std,subjectivity_mean,subjectivity_std,counting
2025-46,0.05275630089577961,0.965670452520858,-0.2693704293977881,0.14051324226112394,11.0
2025-47,-0.07913376903620851,0.8601942111460004,0.275144934476173,1.3530291544970876,23.0
2025-48,-0.16563321589934213,1.302089548123042,-0.17945023856834877,0.5847170091022544,22.0
2025-49,-0.05423289578008914,0.3671976006381163,0.0006250943214169524,0.8404803141566172,5.0
2025-50,0.6388412387732034,0.7051083853058877,-0.15087286304136804,0.38063042412355796,7.0
2025-51,-0.1164368112815013,0.8927031636513365,0.20611497428074865,1.4850366226608602,7.0
2025-52,0.01055927770528467,0.37612485492345593,-0.33253584383771123,0.09931384618838883,4.0
2026-00,0.5017385577760887,0.8389034180058923,0.5419093415898745,1.7872259013567104,5.0
2026-01,-0.3952041427391523,1.000727536113101,-0.2751969680065878,0.0,2.0
