domain,sentiment_mean,sentiment_std,subjectivity_mean,subjectivity_std,counting
www.protothema.gr,-0.15284477381402511,0.24074176822798612,0.4023849430344528,0.2152481665358421,51.0
www.newsit.gr,-0.005386732608954803,0.3065706526461038,0.4724341039618818,0.14522303564249353,18.0
www.naftemporiki.gr,-0.19162160062160058,0.3240858679947432,0.5074180264180265,0.15876721128328267,5.0
www.skai.gr,-0.014628246753246745,0.07072291221289868,0.3670292207792208,0.24408134827533934,5.0
dialogos.com.cy,0.01790762741046832,0.12542031164786757,0.4448420282369146,0.15894121551753762,4.0
www.alphafreepress.gr,-0.1665509259259259,0.20934943822629493,0.5575231481481481,0.13372829634940023,2.0
i-epikaira.blogspot.com,0.0,1.0,0.0,1.0,1.0
